Title,Price,Property Name,Figure Count,Price per Sqft,Carpet Area Label,Carpet Area Value,Status Label,Status Value,Floor Label,Floor Value,Transaction Label,Transaction Value,Furnishing Label,Furnishing Value,Overlooking Label,Overlooking Value,Ownership Label,Ownership Value,Parking Label,Parking Value,Bathroom Label,Bathroom Value,Balcony Label,Balcony Value
3 BHK Apartment for Sale in BTM Layout Bangalore,₹1.34 Cr,SNN Raj Bay Vista,2+,₹8961 per sqft,Carpet Area,1085 sqft,Under Construction,Poss. by Jan '26,Floor,3 out of 4,Transaction,Resale,Furnishing,Unfurnished,overlooking,"Garden/Park, Pool, Main Road",Ownership,Freehold,Car Parking,"1 Covered,",Bathroom,2,Balcony,1
"4 BHK House for Sale in BTM Layout Stage 1, BTM Layout",₹3.20 Cr,,7+,₹12800 per sqft,Carpet Area,2400 sqft,Status,Ready to Move,,,Transaction,Resale,Furnishing,Semi-Furnished,overlooking,Main Road,Ownership,Freehold,,,Bathroom,4,Balcony,2
2 BHK Apartment for Sale in BTM Layout Bangalore,₹47 Lac,Vandana Coral,13+,₹5602 per sqft,Carpet Area,755 sqft,Status,Ready to Move,Floor,2 out of 4,Transaction,Resale,Furnishing,Semi-Furnished,overlooking,"Garden/Park, Main Road",Ownership,Freehold,,,Bathroom,2,Balcony,2
6 BHK House for Sale in BTM Layout Bangalore,₹1.48 Cr,,11+,₹6167 per sqft,Carpet Area,2000 sqft,Status,Ready to Move,Floor,Ground out of 4,Transaction,Resale,Furnishing,Unfurnished,overlooking,"Garden/Park, Main Road",Ownership,Freehold,,,Bathroom,6,Balcony,1
"Plot/Land for Sale in NS Palya, BTM Layout",₹2.25 Cr,,4+,₹15000 per sqft,Plot Area,1500 sqft,,,floors allowed for construction,3,Transaction,Resale,,,,,,,,,,,,
"9 BHK House for Sale in BTM Layout Stage 2, BTM Layout",₹4.15 Cr,,20+,₹9881 per sqft,Carpet Area,3700 sqft,Status,Ready to Move,Floor,Ground out of 4,Transaction,Resale,Furnishing,Furnished,,,Ownership,Freehold,Car Parking,5 Covered,Bathroom,8,Balcony,8
"4 BHK House for Sale in Vishweshwaraiah Layout BDA Layout, BTM Layout",₹2.40 Cr,,4+,N/A,Carpet Area,3500 sqft,Status,Ready to Move,Floor,Upper Basement out of 3,Transaction,Resale,Furnishing,Furnished,overlooking,Garden/Park,Ownership,Freehold,,,Bathroom,4,Balcony,3
"2 BHK House for Sale in BTM Layout Stage 2, BTM Layout",₹1.75 Cr,,5+,₹29167 per sqft,Carpet Area,3000 sqft,Status,Ready to Move,Floor,Ground out of 5,Transaction,Resale,Furnishing,Semi-Furnished,overlooking,Main Road,,,,,Bathroom,2,,
"7 BHK House for Sale in BTM Layout Stage 1, BTM Layout",₹1.50 Cr,,1,₹7895 per sqft,Super Area,1900 sqft,Status,Ready to Move,Floor,Ground out of 3,Transaction,Resale,Furnishing,Semi-Furnished,,,,,,,Bathroom,6,,
"5 BHK Builder Floor for Sale in New Gurappana Palya, BTM Layout",₹3.24 Cr,,2+,₹18000 per sqft,Super Area,1800 sqft,Status,Ready to Move,Floor,2 out of 2,Transaction,Resale,Furnishing,Semi-Furnished,,,,,,,Bathroom,10,,
"Plot/Land for Sale in Vishweshwaraiah Layout BDA Layout, BTM Layout",₹1.51 Cr,,2+,₹12600 per sqft,Plot Area,1200 sqft,,,floors allowed for construction,1,Transaction,Resale,,,overlooking,Main Road,Ownership,Freehold,,,,,,
"Plot/Land for Sale in Vishweshwaraiah Layout BDA Layout, BTM Layout",₹3.50 Cr,,1,₹8750 per sqft,Plot Area,4000 sqft,,,,,Transaction,Resale,,,,,,,,,,,,
2 BHK Apartment for Sale in BTM Layout Bangalore,₹1.19 Cr,SNN Raj Bay Vista,3+,₹9444 per sqft,Carpet Area,805 sqft,Under Construction,Poss. by Dec '24,Floor,9 out of 16,Transaction,Resale,Furnishing,Unfurnished,overlooking,Main Road,Ownership,Freehold,Car Parking,2 Covered,Bathroom,2,Balcony,1
"2 BHK Apartment for Sale in BTM Layout Stage 2, BTM Layout",₹1.26 Cr,SNN Raj Bay Vista,3+,₹10000 per sqft,Carpet Area,805 sqft,Under Construction,Poss. by Dec '24,Floor,8 out of 15,Transaction,Resale,Furnishing,Unfurnished,overlooking,Garden/Park,Ownership,Freehold,Car Parking,2 Covered,Bathroom,2,Balcony,1
2 BHK Apartment for Sale in BTM Layout Bangalore,₹1.20 Cr,Green is the colour,3+,₹9516 per sqft,Super Area,1261 sqft,Status,Ready to Move,Floor,4 out of 4,Transaction,Resale,Furnishing,Unfurnished,,,Ownership,Freehold,,,Bathroom,2,Balcony,1
"2 BHK House for Sale in BTM Layout Stage 1, BTM Layout",₹1.30 Cr,,9+,₹19697 per sqft,Carpet Area,560 sqft,Status,Ready to Move,Floor,1 out of 3,Transaction,Resale,Furnishing,Semi-Furnished,overlooking,"Garden/Park, Main Road",Ownership,Freehold,,,Bathroom,2,Balcony,1
2 BHK Apartment for Sale in BTM Layout Bangalore,₹65 Lac,Aradhana Residency,19+,₹6190 per sqft,Carpet Area,962 sqft,Status,Ready to Move,Floor,1 out of 3,Transaction,Resale,Furnishing,Semi-Furnished,overlooking,"Garden/Park, Main Road",Ownership,Freehold,,,Bathroom,2,Balcony,1
"House for Sale in BTM Layout Stage 2, BTM Layout",₹2.10 Cr,,16+,₹8750 per sqft,Super Area,2400 sqft,Status,Ready to Move,,,Transaction,Resale,Furnishing,Semi-Furnished,,,,,,,Bathroom,10,Balcony,10
"4 BHK House for Sale in Mico Layout BTM Layout, BTM Layout",₹4 Cr,,1,₹26667 per sqft,Carpet Area,1400 sqft,Status,Ready to Move,Floor,2 out of 2,Transaction,Resale,Furnishing,Semi-Furnished,overlooking,Main Road,Ownership,Freehold,Car Parking,1 Covered,Bathroom,4,,
"4 BHK House for Sale in Vishweshwaraiah Layout BDA Layout, BTM Layout",₹1.69 Cr,,20+,₹5633 per sqft,Carpet Area,2800 sqft,Status,Ready to Move,Floor,Ground out of 4,Transaction,Resale,Furnishing,Semi-Furnished,overlooking,"Garden/Park, Main Road",,,Car Parking,"1 Covered,",Bathroom,4,Balcony,1
"Plot/Land for Sale in BTM Layout Stage 4, BTM Layout",₹1.89 Cr,,4+,₹9000 per sqft,Plot Area,2100 sqft,,,floors allowed for construction,4,Transaction,Resale,,,overlooking,Main Road,Ownership,Freehold,,,,,,
"2 BHK Apartment for Sale in BTM Layout Stage 1, BTM Layout",₹1 Cr,Aedifice Grandeur,16+,₹8333 per sqft,Carpet Area,1000 sqft,Status,Ready to Move,Floor,2 out of 4,Transaction,New Property,Furnishing,Unfurnished,overlooking,Main Road,Ownership,Freehold,,,Bathroom,2,Balcony,2
"3 BHK Apartment for Sale in Bismillah Nagar, BTM Layout",₹85 Lac,,2+,N/A,Carpet Area,1200 sqft,Under Construction,Poss. by Jun '24,Floor,5 out of 5,Transaction,Resale,Furnishing,Unfurnished,,,Ownership,Freehold,,,Bathroom,3,Balcony,3
"2 BHK Apartment for Sale in Stage 4th BTM Layout, BTM Layout",₹1.30 Cr,,9+,₹9559 per sqft,Carpet Area,1360 sqft,Status,Ready to Move,Floor,Ground out of 4,Transaction,Resale,Furnishing,Unfurnished,overlooking,"Garden/Park, Pool, Main Road",Ownership,Freehold,,,Bathroom,2,Balcony,1
2 BHK Apartment for Sale in BTM Layout Bangalore,₹1.19 Cr,SNN Raj Bay Vista,5+,₹9437 per sqft,Carpet Area,805 sqft,Under Construction,Poss. by Nov '24,Floor,9 out of 15,Transaction,Resale,Furnishing,Unfurnished,overlooking,"Garden/Park, Pool, Main Road",Ownership,Freehold,Car Parking,2 Covered,Bathroom,2,Balcony,1
"3 BHK Villa for Sale in BTM Layout Stage 2, BTM Layout",₹3.50 Cr,,19+,₹15909 per sqft,Carpet Area,1900 sqft,Status,Ready to Move,,,Transaction,Resale,Furnishing,Semi-Furnished,overlooking,"Garden/Park, Main Road",Ownership,Freehold,Car Parking,1 Covered,Bathroom,4,Balcony,1
4 BHK Builder Floor for Sale in BTM Layout Bangalore,₹1.30 Cr,Mayflower Heights,16+,₹7027 per sqft,Carpet Area,1650 sqft,Status,Ready to Move,Floor,1 out of 5,Transaction,Resale,Furnishing,Semi-Furnished,overlooking,Garden/Park,Ownership,Freehold,Car Parking,1 Covered,Bathroom,3,Balcony,1
5 BHK Penthouse for Sale in BTM Layout Bangalore,₹11 Cr,SNN Raj Lake View Phase II,9+,₹17433 per sqft,Super Area,6310 sqft,Status,Ready to Move,Floor,16 out of 17,Transaction,Resale,Furnishing,Furnished,overlooking,Garden/Park,Ownership,Freehold,Car Parking,5 Covered,Bathroom,6,Balcony,5
"1 BHK House for Sale in Madivala, BTM Layout",₹1.50 Cr,Venkateshwara Arcade,1,₹12500 per sqft,Carpet Area,4030 sqft,Status,Ready to Move,Floor,1 out of 1,Transaction,New Property,Furnishing,Furnished,,,Ownership,Freehold,,,Bathroom,1,,
3 BHK Apartment for Sale in BTM Layout Bangalore,₹1.25 Cr,,12+,₹8621 per sqft,Super Area,1450 sqft,Status,Ready to Move,Floor,1 out of 3,Transaction,Resale,Furnishing,Furnished,,,,,,,Bathroom,2,,
"House for Sale in Mico Layout BTM Layout, BTM Layout",Call for Price,,7+,N/A,,,,,,,Transaction,Resale,,,,,,,,,,,,
Plot/Land for Sale in BTM Layout Bangalore,₹2.40 Cr,,2+,₹10000 per sqft,Plot Area,2400 sqft,,,,,Transaction,Resale,,,overlooking,Main Road,Ownership,Freehold,,,,,,
"Plot/Land for Sale in BTM Layout Stage 1, BTM Layout",₹4.44 Cr,,N/A,₹18500 per sqft,Plot Area,2400 sqft,,,,,Transaction,Resale,,,,,Ownership,Freehold,,,,,,
"Plot/Land for Sale in BTM Layout Stage 2, BTM Layout",₹2.28 Cr,,N/A,₹19000 per sqft,Plot Area,1200 sqft,,,,,Transaction,Resale,,,,,Ownership,Freehold,,,,,,
"3 BHK Apartment for Sale in Dollar Layout Stage 2 BTM Layout, BTM Layout",₹88 Lac,Sai Madhura Residency,N/A,₹5333 per sqft,Super Area,1650 sqft,Status,Ready to Move,Floor,3 out of 4,Transaction,Resale,Furnishing,Furnished,,,,,Car Parking,1 Covered,Bathroom,3,Balcony,3
"Plot/Land for Sale in Madivala, BTM Layout",₹86.3 Lac,,2+,₹10785 per sqft,Plot Area,800 sqft,,,,,Transaction,Resale,,,,,Ownership,Freehold,,,,,,
"2 BHK House for Sale in BTM Layout Stage 2, BTM Layout",₹1.75 Cr,,5+,₹29167 per sqft,Carpet Area,3000 sqft,Status,Ready to Move,Floor,Ground out of 5,Transaction,Resale,Furnishing,Semi-Furnished,overlooking,Main Road,,,,,Bathroom,2,,
"2 BHK Apartment for Sale in Silk Board, BTM Layout",₹75 Lac,Aditya Tussar,5+,₹6661 per sqft,Super Area,1126 sqft,Status,Ready to Move,Floor,2 out of 4,Transaction,Resale,Furnishing,Semi-Furnished,,,Ownership,Freehold,Car Parking,1 Covered,Bathroom,2,Balcony,2
"3 BHK Apartment for Sale in Duo Heights Layout, BTM Layout",₹73 Lac,Sanjana Monarch,1,₹5407 per sqft,Carpet Area,1360 sqft,Status,Ready to Move,Floor,1 out of 5,Transaction,Resale,Furnishing,Furnished,,,Ownership,Freehold,,,Bathroom,3,Balcony,1
"Plot/Land for Sale in Madivala, BTM Layout",₹75 Lac,,N/A,₹9375 per sqft,Plot Area,800 sqft,,,floors allowed for construction,5,Transaction,Resale,,,,,,,,,,,,
"2 BHK House for Sale in BTM Layout Stage 2, BTM Layout",₹3.50 Cr,,N/A,₹23333 per sqft,Super Area,1500 sqft,Status,Ready to Move,,,Transaction,Resale,Furnishing,Unfurnished,,,,,,,Bathroom,2,,
2 BHK Apartment for Sale in BTM Layout Bangalore,₹1.19 Cr,SNN Raj Bay Vista,5+,₹9437 per sqft,Carpet Area,805 sqft,Under Construction,Poss. by Nov '24,Floor,9 out of 15,Transaction,Resale,Furnishing,Unfurnished,overlooking,"Garden/Park, Pool, Main Road",Ownership,Freehold,Car Parking,2 Covered,Bathroom,2,Balcony,1
"3 BHK Villa for Sale in BTM Layout Stage 2, BTM Layout",₹3.50 Cr,,19+,₹15909 per sqft,Carpet Area,1900 sqft,Status,Ready to Move,,,Transaction,Resale,Furnishing,Semi-Furnished,overlooking,"Garden/Park, Main Road",Ownership,Freehold,Car Parking,1 Covered,Bathroom,4,Balcony,1
"2 BHK Apartment for Sale in NS Palya, BTM Layout",₹58 Lac,,N/A,₹5421 per sqft,Super Area,1070 sqft,Status,Ready to Move,Floor,4 out of 5,Transaction,Resale,Furnishing,Semi-Furnished,,,,,,,Bathroom,2,,
"Plot/Land for Sale in Vishweshwaraiah Layout BDA Layout, BTM Layout",₹1.30 Cr,,N/A,₹10833 per sqft,Plot Area,1200 sqft,,,floors allowed for construction,3,Transaction,New Property,,,overlooking,Main Road,Ownership,Freehold,,,,,,
"Plot/Land for Sale in Vishweshwaraiah Layout BDA Layout, BTM Layout",₹1.32 Cr,,1,₹11000 per sqft,Plot Area,1200 sqft,,,floors allowed for construction,Congo,Transaction,Resale,,,overlooking,Main Road,Ownership,Freehold,,,,,,
2 BHK Apartment for Sale in BTM Layout Bangalore,₹48.5 Lac,Vintage Elite A Block,5+,₹5187 per sqft,Carpet Area,800 sqft,,,Floor,2 out of 4,Transaction,Resale,Furnishing,Unfurnished,overlooking,Main Road,Ownership,Freehold,,,Bathroom,2,Balcony,3
"2 BHK Apartment for Sale in BTM Layout Stage 2, BTM Layout",₹1.26 Cr,SNN Raj Bay Vista,3+,₹10000 per sqft,Carpet Area,805 sqft,Under Construction,Poss. by Dec '24,Floor,8 out of 15,Transaction,Resale,Furnishing,Unfurnished,overlooking,Garden/Park,Ownership,Freehold,Car Parking,2 Covered,Bathroom,2,Balcony,1
5 BHK Villa for Sale in BTM Layout Bangalore,Call for Price,,N/A,N/A,Super Area,2800 sqft,Status,Ready to Move,,,Transaction,Resale,Furnishing,Semi-Furnished,,,,,,,Bathroom,5,,
3 BHK House for Sale in BTM Layout Bangalore,₹2.20 Cr,,N/A,₹20561 per sqft,Super Area,1070 sqft,Status,Ready to Move,,,Transaction,Resale,Furnishing,Unfurnished,,,,,,,Bathroom,3,,
3 BHK Apartment for Sale in BTM Layout Bangalore,₹2.20 Cr,Mantri Elegance,11+,₹11702 per sqft,Carpet Area,1850 sqft,Status,Ready to Move,Floor,6 out of 13,Transaction,Resale,Furnishing,Semi-Furnished,overlooking,"Garden/Park, Main Road",Ownership,Freehold,Car Parking,1 Covered,Bathroom,3,Balcony,3
"Plot/Land for Sale in BTM Layout Stage 2, BTM Layout",₹4 Cr,,N/A,₹16667 per sqft,Plot Area,2400 sqft,,,,,Transaction,Resale,,,,,Ownership,Freehold,,,,,,
2 BHK Apartment for Sale in BTM Layout Bangalore,₹1 Cr,Kalpavriksha Residency,3+,₹8333 per sqft,Carpet Area,1096 sqft,Status,Ready to Move,Floor,1 out of 3,Transaction,Resale,Furnishing,Semi-Furnished,overlooking,Main Road,Ownership,Freehold,,,Bathroom,2,Balcony,2
"Plot/Land for Sale in Vishweshwaraiah Layout BDA Layout, BTM Layout",₹2.52 Cr,,N/A,₹10500 per sqft,Plot Area,2400 sqft,,,floors allowed for construction,1,Transaction,Resale,,,overlooking,Main Road,Ownership,Freehold,,,,,,
2 BHK Apartment for Sale in BTM Layout Bangalore,₹1.20 Cr,Green is the colour,3+,₹9516 per sqft,Super Area,1261 sqft,Status,Ready to Move,Floor,4 out of 4,Transaction,Resale,Furnishing,Unfurnished,,,Ownership,Freehold,,,Bathroom,2,Balcony,1
"4 BHK Apartment for Sale in BTM Layout Stage 1, BTM Layout",₹3.91 Cr,Snn Raj Lakeview,6+,₹11045 per sqft,Super Area,3540 sqft,Status,Ready to Move,Floor,2 out of 20,Transaction,Resale,Furnishing,Semi-Furnished,overlooking,Pool,Ownership,Freehold,Car Parking,2 Covered,Bathroom,4,Balcony,4
"Plot/Land for Sale in Vishweshwaraiah Layout BDA Layout, BTM Layout",₹1.44 Cr,,N/A,₹12000 per sqft,Plot Area,1200 sqft,,,floors allowed for construction,4,Transaction,Resale,,,overlooking,Main Road,Ownership,Freehold,,,,,,
4 BHK Builder Floor for Sale in BTM Layout Bangalore,₹1.30 Cr,Mayflower Heights,16+,₹7027 per sqft,Carpet Area,1650 sqft,Status,Ready to Move,Floor,1 out of 5,Transaction,Resale,Furnishing,Semi-Furnished,overlooking,Garden/Park,Ownership,Freehold,Car Parking,1 Covered,Bathroom,3,Balcony,1
"Plot/Land for Sale in BTM Layout Stage 2, BTM Layout",Call for Price,,1,N/A,Plot Area,2795 sqft,,,floors allowed for construction,Congo,Transaction,Resale,,,,,,,,,,,,
"3 BHK Apartment for Sale in BTM Layout Stage 4, BTM Layout",₹1.50 Cr,,N/A,₹8865 per sqft,Carpet Area,1560 sqft,Status,Ready to Move,Floor,2 out of 9,Transaction,Resale,Furnishing,Semi-Furnished,overlooking,"Garden/Park, Pool, Main Road",Ownership,Freehold,,,Bathroom,3,Balcony,3
"3 BHK Apartment for Sale in BTM Layout Stage 2, BTM Layout",₹2.15 Cr,Green City Eutopia,33+,₹12300 per sqft,Carpet Area,1365 sqft,Status,Ready to Move,Floor,3 out of 7,Transaction,New Property,Furnishing,Furnished,overlooking,Garden/Park,Ownership,Freehold,Car Parking,1 Covered,Bathroom,3,Balcony,2
"3 BHK Apartment for Sale in BTM Layout Stage 2, BTM Layout",₹2.75 Cr,Green City Eutopia,33+,₹12300 per sqft,Carpet Area,1748 sqft,Status,Ready to Move,Floor,2 out of 8,Transaction,New Property,Furnishing,Semi-Furnished,overlooking,Garden/Park,Ownership,Freehold,Car Parking,1 Covered,Bathroom,3,Balcony,2
"3 BHK Apartment for Sale in BTM Layout Stage 2, BTM Layout",₹2.83 Cr,Green City Eutopia,33+,₹12300 per sqft,Super Area,2305 sqft,Status,Ready to Move,,,Transaction,New Property,Furnishing,Furnished,,,,,,,Bathroom,3,,
"4 BHK Apartment for Sale in BTM Layout Stage 2, BTM Layout",₹5.90 Cr,Green City Eutopia,32+,₹12300 per sqft,Carpet Area,3744 sqft,Status,Ready to Move,Floor,8 out of 8,Transaction,New Property,Furnishing,Furnished,overlooking,"Pool, Garden/Park, Main Road",Ownership,Freehold,Car Parking,1 Covered,Bathroom,3,Balcony,3
"3 BHK Apartment for Sale in Dollar Layout Stage 2 BTM Layout, BTM Layout",₹3.69 Cr,,N/A,₹13179 per sqft,Super Area,2800 sqft,Status,Ready to Move,Floor,1 out of 14,Transaction,Resale,Furnishing,Unfurnished,overlooking,Garden/Park,Ownership,Freehold,Car Parking,2 Covered,Bathroom,3,Balcony,2
5 BHK Penthouse for Sale in BTM Layout Bangalore,₹11 Cr,SNN Raj Lake View Phase II,9+,₹17433 per sqft,Super Area,6310 sqft,Status,Ready to Move,Floor,16 out of 17,Transaction,Resale,Furnishing,Furnished,overlooking,Garden/Park,Ownership,Freehold,Car Parking,5 Covered,Bathroom,6,Balcony,5
"3 BHK Apartment for Sale in BTM Layout Stage 2, BTM Layout",₹1.90 Cr,Green City Eutopia,32+,₹12300 per sqft,Carpet Area,1205 sqft,Status,Ready to Move,Floor,1 out of 7,Transaction,New Property,Furnishing,Semi-Furnished,overlooking,Garden/Park,Ownership,Freehold,Car Parking,1 Covered,Bathroom,2,Balcony,1
"3 BHK Apartment for Sale in BTM Layout Stage 2, BTM Layout",₹2.12 Cr,Green City Eutopia,33+,₹12159 per sqft,Carpet Area,1365 sqft,Status,Ready to Move,Floor,1 out of 7,Transaction,New Property,Furnishing,Furnished,overlooking,Main Road,Ownership,Freehold,Car Parking,1 Covered,Bathroom,3,,
"3 BHK Apartment for Sale in BTM Layout Stage 2, BTM Layout",₹3.19 Cr,Green City Eutopia,33+,₹12300 per sqft,Carpet Area,2028 sqft,Status,Ready to Move,Floor,Ground out of 8,Transaction,New Property,Furnishing,Furnished,overlooking,Garden/Park,Ownership,Freehold,Car Parking,1 Covered,Bathroom,3,,
2 BHK Apartment for Sale in BTM Layout Bangalore,₹1.26 Cr,SNN Raj Bay Vista,2+,₹10202 per sqft,Carpet Area,805 sqft,Under Construction,Poss. by Dec '25,Floor,8 out of 12,Transaction,Resale,Furnishing,Unfurnished,overlooking,"Garden/Park, Pool, Main Road",Ownership,Freehold,Car Parking,2 Covered,Bathroom,2,Balcony,1
"3 BHK Apartment for Sale in Silk Board, BTM Layout",₹4.11 Cr,Hamilton Towers,14+,₹14226 per sqft,Super Area,2889 sqft,Status,Ready to Move,Floor,3 out of 13,Transaction,New Property,Furnishing,Unfurnished,overlooking,"Garden/Park, Pool, Main Road",Ownership,Freehold,Car Parking,2 Covered,Bathroom,4,Balcony,2
Plot/Land for Sale in BTM Layout Bangalore,₹77.9 Lac,,8+,₹6490 per sqft,Plot Area,1200 sqft,,,floors allowed for construction,3,Transaction,New Property,,,overlooking,"Garden/Park, Main Road",Ownership,Freehold,,,,,,
"3 BHK House for Sale in BTM Layout Stage 1, BTM Layout",₹2.10 Cr,,17+,₹8400 per sqft,Carpet Area,1200 sqft,Status,Ready to Move,Floor,1 out of 3,Transaction,Resale,Furnishing,Semi-Furnished,overlooking,Main Road,Ownership,Freehold,,,Bathroom,3,Balcony,1
"7 BHK House for Sale in BTM Layout Stage 2, BTM Layout",₹1.75 Cr,,19+,₹4795 per sqft,Carpet Area,1000 sqft,Status,Ready to Move,Floor,4 out of 4,Transaction,Resale,Furnishing,Semi-Furnished,overlooking,"Garden/Park, Main Road",Ownership,Freehold,Car Parking,1 Open,Bathroom,10,Balcony,6
Plot/Land for Sale in BTM Layout Bangalore,Call for Price,Gayathri Lakshmi Nivas,N/A,N/A,Plot Area,1500 sqft,,,floors allowed for construction,Congo,Transaction,Resale,,,,,Ownership,Freehold,,,,,,
"4 BHK Apartment for Sale in Silk Board, BTM Layout",₹4.60 Cr,Hamilton Towers,14+,₹14250 per sqft,Super Area,3228 sqft,Status,Ready to Move,Floor,3 out of 13,Transaction,New Property,Furnishing,Unfurnished,overlooking,"Garden/Park, Main Road",Ownership,Freehold,Car Parking,2 Covered,Bathroom,3,Balcony,3
"> 10 BHK Builder Floor for Sale in BTM Layout Stage 2, BTM Layout",₹3.10 Cr,,N/A,₹5741 per sqft,Carpet Area,1200 sqft,Status,Ready to Move,Floor,5 out of 5,Transaction,Resale,Furnishing,Semi-Furnished,,,Ownership,Freehold,,,Bathroom,> 10,Balcony,4
"3 BHK Apartment for Sale in Krishnappa Layout BDA Layout, BTM Layout",₹98 Lac,Saikam Park Square,4+,₹7153 per sqft,Carpet Area,1100 sqft,Status,Ready to Move,Floor,Ground out of 4,Transaction,Resale,Furnishing,Semi-Furnished,overlooking,Garden/Park,Ownership,Freehold,Car Parking,1 Covered,Bathroom,3,Balcony,2
"Plot/Land for Sale in Vishweshwaraiah Layout BDA Layout, BTM Layout",₹2.50 Cr,,3+,₹10417 per sqft,Plot Area,2400 sqft,,,floors allowed for construction,4,Transaction,Resale,,,,,,,,,,,,
Plot/Land for Sale in BTM Layout Bangalore,₹50 Lac,,N/A,₹2222 per sqft,Plot Area,2250 sqft,,,floors allowed for construction,5,Transaction,Resale,,,,,,,,,,,,
"3 BHK House for Sale in BTM Layout Stage 2, BTM Layout",₹2.10 Cr,,N/A,₹17500 per sqft,Super Area,1200 sqft,Status,Ready to Move,,,Transaction,Resale,Furnishing,Furnished,,,,,,,Bathroom,3,,
"Plot/Land for Sale in BTM Layout Stage 2, BTM Layout",₹8.40 Cr,,N/A,₹15000 per sqft,Plot Area,5600 sqft,,,floors allowed for construction,4,Transaction,Resale,,,overlooking,Main Road,Ownership,Freehold,,,,,,
"Plot/Land for Sale in BTM Layout Stage 2, BTM Layout",₹2.40 Cr,,N/A,₹16000 per sqft,Plot Area,1500 sqft,,,floors allowed for construction,1,Transaction,Resale,,,,,Ownership,Freehold,,,,,,
"2 BHK Builder Floor for Sale in BTM Layout Stage 1, BTM Layout",₹62 Lac,,3+,₹7949 per sqft,Super Area,780 sqft,Status,Ready to Move,Floor,1 out of 3,Transaction,Resale,Furnishing,Furnished,,,Ownership,Leasehold,,,Bathroom,2,Balcony,2
"Plot/Land for Sale in BTM Layout Stage 1, BTM Layout",₹1.56 Cr,,N/A,₹10505 per sqft,Plot Area,1485 sqft,,,floors allowed for construction,6,Transaction,Resale,,,,,,,,,,,,
6 BHK House for Sale in BTM Layout Bangalore,₹1.10 Cr,,5+,₹5000 per sqft,Super Area,2200 sqft,Status,Ready to Move,Floor,Ground out of 3,Transaction,Resale,Furnishing,Unfurnished,,,,,,,Bathroom,3,,
2 BHK Apartment for Sale in BTM Layout Bangalore,₹75 Lac,Amara Canopy,4+,₹6000 per sqft,Carpet Area,1144 sqft,Status,Ready to Move,Floor,1 out of 3,Transaction,Resale,Furnishing,Unfurnished,overlooking,Main Road,Ownership,Freehold,,,Bathroom,2,Balcony,2
"4 BHK Builder Floor for Sale in BTM Layout Stage 4, BTM Layout",₹2.90 Cr,,N/A,₹18125 per sqft,Super Area,1600 sqft,Status,Ready to Move,Floor,Ground out of 4,Transaction,Resale,Furnishing,Furnished,,,,,,,Bathroom,5,,
"5 BHK House for Sale in BTM Layout Stage 2, BTM Layout",₹80 Lac,,N/A,₹5000 per sqft,Super Area,1600 sqft,Status,Ready to Move,,,Transaction,Resale,Furnishing,Semi-Furnished,,,,,Car Parking,1 Open,Bathroom,6,Balcony,2
"> 10 BHK House for Sale in Maruti Nagar, BTM Layout",₹7.50 Cr,,2+,₹18750 per sqft,Super Area,4000 sqft,Status,Ready to Move,,,Transaction,Resale,Furnishing,Semi-Furnished,,,,,,,Bathroom,> 10,,
"Plot/Land for Sale in BTM Layout Stage 1, BTM Layout",Call for Price,,N/A,N/A,Plot Area,1500 sqft,,,floors allowed for construction,Congo,Transaction,Resale,,,overlooking,"Garden/Park, Pool",Ownership,Freehold,,,,,,
"Plot/Land for Sale in BTM Layout Stage 2, BTM Layout",₹4 Cr,,N/A,₹15152 per sqft,Plot Area,2640 sqft,,,floors allowed for construction,1,Transaction,Resale,,,,,,,,,,,,
"2 BHK Builder Floor for Sale in Madivala, BTM Layout",₹1.30 Cr,,N/A,₹14444 per sqft,Super Area,900 sqft,Status,Ready to Move,Floor,Ground out of 3,Transaction,Resale,Furnishing,Semi-Furnished,,,Ownership,Freehold,,,Bathroom,2,,
"6 BHK House for Sale in BTM Layout Stage 2, BTM Layout",₹2.25 Cr,,10+,₹6250 per sqft,Carpet Area,3300 sqft,Status,Ready to Move,,,Transaction,Resale,Furnishing,Semi-Furnished,,,,,,,Bathroom,6,Balcony,3
5 BHK Penthouse for Sale in BTM Layout Bangalore,₹11 Cr,SNN Raj Lake View Phase II,18+,₹17433 per sqft,Super Area,6310 sqft,Status,Ready to Move,Floor,16 out of 17,Transaction,Resale,Furnishing,Furnished,overlooking,Garden/Park,Ownership,Freehold,Car Parking,5 Covered,Bathroom,6,Balcony,5
2 BHK Apartment for Sale in BTM Layout Bangalore,₹52 Lac,Vintage Elite A Block,12+,₹4362 per sqft,Carpet Area,954 sqft,Status,Ready to Move,Floor,1 out of 4,Transaction,Resale,Furnishing,Furnished,,,Ownership,Freehold,Car Parking,1 Covered,Bathroom,2,Balcony,3
"1 BHK House for Sale in BTM Layout Stage 2, BTM Layout",₹1.30 Cr,,N/A,₹4815 per sqft,Carpet Area,500 sqft,Status,Ready to Move,,,Transaction,Resale,Furnishing,Furnished,,,,,,,Bathroom,5,Balcony,1
> 10 BHK Apartment for Sale in BTM Layout Bangalore,₹10 Cr,,3+,N/A,Carpet Area,11500 sqft,Status,Ready to Move,Floor,5 out of 5,Transaction,Resale,Furnishing,Semi-Furnished,overlooking,Main Road,Ownership,Freehold,Car Parking,5 Covered,Bathroom,1,,
3 BHK Apartment for Sale in BTM Layout Bangalore,₹1.61 Cr,Lake Front Apartment,12+,₹9471 per sqft,Carpet Area,1360 sqft,Status,Ready to Move,Floor,1 out of 4,Transaction,Resale,Furnishing,Semi-Furnished,,,Ownership,Freehold,Car Parking,1 Covered,Bathroom,3,Balcony,3
"3 BHK Apartment for Sale in Kuvempu Nagar, BTM Layout",₹1.90 Cr,Green City Eutopia,17+,₹12298 per sqft,Carpet Area,1205 sqft,Status,Ready to Move,Floor,1 out of 7,Transaction,New Property,Furnishing,Semi-Furnished,overlooking,"Garden/Park, Main Road",Ownership,Freehold,Car Parking,1 Covered,Bathroom,2,Balcony,1
"4 BHK Apartment for Sale in BTM Layout Stage 2, BTM Layout",₹4.32 Cr,Cornerstone Akhinta Residences,19+,₹18391 per sqft,Carpet Area,1586 sqft,Under Construction,Poss. by May '26,Floor,6 out of 12,Transaction,New Property,Furnishing,Unfurnished,overlooking,"Garden/Park, Main Road",Ownership,Freehold,Car Parking,2 Covered,Bathroom,4,Balcony,2
"Plot/Land for Sale in BTM Layout Stage 1, BTM Layout",Call for Price,,N/A,N/A,Plot Area,4000 sqft,,,floors allowed for construction,4,Transaction,Resale,,,,,,,,,,,,
"5 BHK Villa for Sale in BTM Layout Stage 2, BTM Layout",Call for Price,,N/A,N/A,Carpet Area,1442 sqft,Status,Ready to Move,,,Transaction,Resale,Furnishing,Furnished,,,,,,,,,Balcony,2
"4 BHK House for Sale in BTM Layout Stage 1, BTM Layout",₹2.80 Cr,,17+,₹28000 per sqft,Carpet Area,900 sqft,Status,Ready to Move,Floor,2 out of 2,Transaction,Resale,Furnishing,Semi-Furnished,,,Ownership,Freehold,Car Parking,1 Covered,Bathroom,3,Balcony,1
"5 BHK Apartment for Sale in KEB Colony, BTM Layout",₹5.50 Cr,Snn Raj Lakeview,1,₹11089 per sqft,Super Area,4960 sqft,Status,Ready to Move,Floor,17 out of 19,Transaction,Resale,Furnishing,Semi-Furnished,overlooking,"Garden/Park, Main Road",Ownership,Freehold,Car Parking,1 Covered,Bathroom,5,Balcony,4
"1 BHK House for Sale in Madivala, BTM Layout",₹1.50 Cr,Venkateshwara Arcade,1,₹12500 per sqft,Carpet Area,4030 sqft,Status,Ready to Move,Floor,1 out of 1,Transaction,New Property,Furnishing,Furnished,,,Ownership,Freehold,,,Bathroom,1,,
"> 10 BHK House for Sale in BTM Layout Stage 2, BTM Layout",₹3.10 Cr,,19+,₹5254 per sqft,Carpet Area,5300 sqft,Status,Ready to Move,Floor,Ground out of 5,Transaction,Resale,Furnishing,Semi-Furnished,overlooking,Main Road,Ownership,Freehold,,,Bathroom,> 10,Balcony,> 10
2 BHK Apartment for Sale in BTM Layout Bangalore,₹1.15 Cr,Godavari Residency,N/A,₹10132 per sqft,Super Area,1135 sqft,Status,Ready to Move,Floor,Ground out of 4,Transaction,Resale,Furnishing,Semi-Furnished,,,,,,,Bathroom,2,,
"Plot/Land for Sale in Stage 4th BTM Layout, BTM Layout",₹2.30 Cr,,N/A,₹10952 per sqft,Plot Area,2100 sqft,,,floors allowed for construction,4,Transaction,Resale,,,overlooking,Main Road,Ownership,Freehold,,,,,,
3 BHK House for Sale in BTM Layout Bangalore,₹1.40 Cr,,1,₹11200 per sqft,Super Area,1250 sqft,Status,Ready to Move,,,Transaction,Resale,Furnishing,Unfurnished,,,Ownership,Freehold,Car Parking,1 Covered,Bathroom,2,,
"5 BHK Villa for Sale in BTM Layout Stage 2, BTM Layout",Call for Price,,1,N/A,Carpet Area,1442 sqft,Status,Ready to Move,,,Transaction,Resale,Furnishing,Semi-Furnished,,,,,,,Bathroom,3,Balcony,2
"2 BHK Apartment for Sale in MCHS Colony, BTM Layout",₹1.56 Cr,,15+,₹8432 per sqft,Carpet Area,1480 sqft,Status,Ready to Move,Floor,2 out of 5,Transaction,Resale,Furnishing,Semi-Furnished,,,Ownership,Freehold,Car Parking,1 Covered,Bathroom,3,Balcony,2
"4 BHK Apartment for Sale in BTM Layout Stage 2, BTM Layout",₹4.32 Cr,Cornerstone Akhinta Residences,7+,₹18391 per sqft,Carpet Area,1586 sqft,Under Construction,Poss. by May '26,Floor,6 out of 12,Transaction,New Property,Furnishing,Unfurnished,overlooking,"Garden/Park, Main Road",Ownership,Freehold,Car Parking,2 Covered,Bathroom,4,Balcony,2
3 BHK Apartment for Sale in BTM Layout Bangalore,₹1.34 Cr,SNN Raj Bay Vista,2+,₹8961 per sqft,Carpet Area,1085 sqft,Under Construction,Poss. by Jan '26,Floor,3 out of 4,Transaction,Resale,Furnishing,Unfurnished,overlooking,"Garden/Park, Pool, Main Road",Ownership,Freehold,Car Parking,"1 Covered,",Bathroom,2,Balcony,1
2 BHK Apartment for Sale in BTM Layout Bangalore,₹1.24 Cr,SNN Raj Bay Vista,3+,₹10040 per sqft,Carpet Area,788 sqft,Under Construction,Poss. by Dec '26,Floor,7 out of 15,Transaction,Resale,Furnishing,Unfurnished,overlooking,"Garden/Park, Pool, Main Road",Ownership,Freehold,Car Parking,2 Covered,Bathroom,2,Balcony,1
"House for Sale in BTM Layout Stage 2, BTM Layout",₹2.40 Cr,,N/A,₹6000 per sqft,Super Area,4000 sqft,Status,Ready to Move,,,Transaction,Resale,Furnishing,Semi-Furnished,,,,,,,,,,
"2 BHK Apartment for Sale in Dollar Layout Stage 2 BTM Layout, BTM Layout",₹1.75 Cr,Vinayaka Enclave,4+,₹14463 per sqft,Carpet Area,1000 sqft,Status,Ready to Move,Floor,1 out of 4,Transaction,Resale,Furnishing,Semi-Furnished,,,Ownership,Freehold,Car Parking,1 Covered,Bathroom,2,Balcony,1
"4 BHK Builder Floor for Sale in BTM Layout Stage 1, BTM Layout",₹5 Cr,Vinayaka Enclave,5+,₹13158 per sqft,Super Area,3800 sqft,Status,Ready to Move,Floor,4 out of 4,Transaction,Resale,Furnishing,Furnished,overlooking,Main Road,Ownership,Freehold,Car Parking,2 Covered,Bathroom,3,Balcony,2
"4 BHK Apartment for Sale in Munivenkatppa Layout, BTM Layout",₹3.60 Cr,SNN Raj Lake View Phase II,8+,₹12000 per sqft,Carpet Area,2500 sqft,Status,Ready to Move,Floor,9 out of 11,Transaction,Resale,Furnishing,Semi-Furnished,overlooking,"Garden/Park, Pool, Main Road",Ownership,Freehold,Car Parking,1 Covered,Bathroom,3,Balcony,2
"2 BHK Apartment for Sale in BTM Layout Stage 2, BTM Layout",₹90 Lac,Ranka Colony Phase 2,11+,₹7200 per sqft,Super Area,1250 sqft,Status,Ready to Move,Floor,3 out of 8,Transaction,Resale,Furnishing,Semi-Furnished,,,,,,,Bathroom,2,,
"3 BHK Apartment for Sale in Silk Board, BTM Layout",₹1.15 Cr,Ansal Forte,2+,₹5764 per sqft,Super Area,1995 sqft,Status,Ready to Move,Floor,4 out of 5,Transaction,Resale,Furnishing,Semi-Furnished,overlooking,Garden/Park,Ownership,Freehold,Car Parking,1 Covered,Bathroom,3,Balcony,4
"2 BHK Apartment for Sale in Kaverappa Industrial Area, BTM Layout",Call for Price,,N/A,N/A,Carpet Area,1171 sqft,Status,Ready to Move,Floor,8 out of 8,Transaction,Resale,Furnishing,Semi-Furnished,,,,,,,Bathroom,2,Balcony,1
"9 BHK House for Sale in BTM Layout Stage 2, BTM Layout",₹1.71 Cr,,9+,₹5700 per sqft,Carpet Area,600 sqft,Status,Ready to Move,,,Transaction,Resale,Furnishing,Semi-Furnished,,,Ownership,Freehold,,,Bathroom,9,,
"3 BHK Apartment for Sale in Stage 4th BTM Layout, BTM Layout",₹72 Lac,Arvind Nethravati Apartment,8+,₹5096 per sqft,Super Area,1413 sqft,Status,Ready to Move,Floor,4 out of 5,Transaction,Resale,Furnishing,Furnished,,,Ownership,Freehold,,,Bathroom,2,Balcony,2
2 BHK Apartment for Sale in BTM Layout Bangalore,₹1 Cr,,N/A,₹8834 per sqft,Super Area,1132 sqft,Status,Ready to Move,Floor,7 out of 10,Transaction,Resale,Furnishing,Semi-Furnished,,,,,,,Bathroom,2,,
3 BHK Apartment for Sale in BTM Layout Bangalore,₹85 Lac,Kristal Sapphire,3+,₹6098 per sqft,Carpet Area,1110 sqft,Status,Ready to Move,Floor,1 out of 4,Transaction,Resale,Furnishing,Unfurnished,overlooking,Main Road,Ownership,Freehold,,,Bathroom,2,Balcony,1
3 BHK Apartment for Sale in BTM Layout Bangalore,₹3.20 Cr,,2+,₹16393 per sqft,Carpet Area,1500 sqft,Under Construction,Poss. by Jan '25,Floor,Upper Basement out of 9,Transaction,New Property,Furnishing,Unfurnished,overlooking,Garden/Park,Ownership,Freehold,Car Parking,1 Covered,Bathroom,3,Balcony,2
"4 BHK House for Sale in Maruti Nagar, BTM Layout",₹2.85 Cr,,6+,₹23750 per sqft,Super Area,1200 sqft,Status,Ready to Move,Floor,Ground out of 2,Transaction,Resale,Furnishing,Semi-Furnished,overlooking,Main Road,Ownership,Freehold,,,Bathroom,3,,
"2 BHK Builder Floor for Sale in BTM Layout Stage 2, BTM Layout",₹70 Lac,,N/A,₹6481 per sqft,Super Area,1080 sqft,Status,Ready to Move,Floor,4 out of 4,Transaction,Resale,Furnishing,Semi-Furnished,overlooking,Garden/Park,Ownership,Freehold,Car Parking,1 Covered,Bathroom,2,,
"Plot/Land for Sale in Vishweshwaraiah Layout BDA Layout, BTM Layout",₹2.40 Cr,,1,₹10000 per sqft,Plot Area,2400 sqft,,,floors allowed for construction,3,Transaction,Resale,,,overlooking,Main Road,Ownership,Freehold,,,,,,
"3 BHK Apartment for Sale in BTM Layout Stage 2, BTM Layout",₹75 Lac,,N/A,₹5610 per sqft,Super Area,1337 sqft,Status,Ready to Move,Floor,4 out of 5,Transaction,Resale,Furnishing,Semi-Furnished,,,,,,,Bathroom,2,,
"Plot/Land for Sale in Vishweshwaraiah Layout BDA Layout, BTM Layout",₹1.45 Cr,,N/A,₹12083 per sqft,Plot Area,1200 sqft,,,floors allowed for construction,4,Transaction,Resale,,,,,Ownership,Freehold,,,,,,
5 BHK Apartment for Sale in BTM Layout Bangalore,₹5.50 Cr,SNN Raj Lake View Phase II,5+,₹11089 per sqft,Super Area,4960 sqft,Status,Ready to Move,Floor,17 out of 17,Transaction,Resale,Furnishing,Unfurnished,overlooking,Garden/Park,Ownership,Freehold,Car Parking,2 Covered,Bathroom,5,Balcony,4
"2 BHK Apartment for Sale in Duo Heights Layout, BTM Layout",Call for Price,,N/A,N/A,Carpet Area,11 sqft,Status,Ready to Move,Floor,2 out of 4,Transaction,Resale,Furnishing,Semi-Furnished,,,Ownership,Freehold,Car Parking,1 Covered,Bathroom,2,,
7 BHK House for Sale in BTM Layout Bangalore,₹2 Cr,,N/A,₹6667 per sqft,Super Area,3000 sqft,Status,Ready to Move,Floor,Ground out of 3,Transaction,Resale,Furnishing,Semi-Furnished,,,,,,,Bathroom,7,,
"9 BHK House for Sale in BTM Layout Stage 2, BTM Layout",₹1.75 Cr,,N/A,₹5833 per sqft,Carpet Area,3000 sqft,Status,Ready to Move,Floor,5 out of 5,Transaction,New Property,Furnishing,Semi-Furnished,overlooking,Main Road,Ownership,Freehold,,,Bathroom,9,Balcony,2
"2 BHK Apartment for Sale in BTM Layout Stage 1, BTM Layout",₹7 Cr,,11+,₹29167 per sqft,Carpet Area,2000 sqft,Status,Ready to Move,Floor,1 out of 4,Transaction,Resale,Furnishing,Semi-Furnished,overlooking,Main Road,Ownership,Freehold,Car Parking,6 Covered,Bathroom,2,Balcony,1
"3 BHK Apartment for Sale in Silk Board, BTM Layout",₹1.25 Cr,,N/A,₹9259 per sqft,Super Area,1350 sqft,Status,Ready to Move,Floor,Ground out of 3,Transaction,Resale,Furnishing,Semi-Furnished,,,,,,,Bathroom,3,,
"6 BHK House for Sale in BTM Layout Stage 1, BTM Layout",₹1.10 Cr,,1,₹4583 per sqft,Super Area,2400 sqft,Status,Ready to Move,,,Transaction,Resale,Furnishing,Semi-Furnished,,,,,,,Bathroom,6,Balcony,3
"3 BHK Apartment for Sale in BTM Layout Stage 1, BTM Layout",₹1.89 Cr,Snn Raj Lakeview,9+,₹10216 per sqft,Super Area,1850 sqft,Status,Ready to Move,Floor,8 out of 17,Transaction,Resale,Furnishing,Semi-Furnished,,,,,,,Bathroom,3,,
"3 BHK Apartment for Sale in Dollar Layout Stage 2 BTM Layout, BTM Layout",₹90 Lac,,N/A,₹6569 per sqft,Super Area,1370 sqft,Status,Ready to Move,Floor,Ground out of 3,Transaction,Resale,Furnishing,Semi-Furnished,,,,,,,Bathroom,2,Balcony,2
"4 BHK House for Sale in BTM Layout Stage 2, BTM Layout",₹4.35 Cr,,20+,₹14500 per sqft,Super Area,3000 sqft,Status,Ready to Move,Floor,Ground out of 2,Transaction,Resale,Furnishing,Furnished,overlooking,Main Road,Ownership,Freehold,,,Bathroom,4,Balcony,1
"Plot/Land for Sale in BTM Layout Stage 4, BTM Layout",₹3.84 Cr,,2+,₹16000 per sqft,Plot Area,2400 sqft,,,floors allowed for construction,4,Transaction,Resale,,,,,Ownership,Freehold,,,,,,
"3 BHK Apartment for Sale in BTM Layout Stage 2, BTM Layout",₹2.37 Cr,,N/A,₹10500 per sqft,Super Area,2263 sqft,Status,Ready to Move,Floor,3 out of 3,Transaction,New Property,Furnishing,Unfurnished,overlooking,"Garden/Park, Pool, Main Road",Ownership,Freehold,Car Parking,1 Covered,Bathroom,3,Balcony,2
> 10 BHK House for Sale in BTM Layout Bangalore,₹4.30 Cr,,N/A,₹10750 per sqft,Super Area,4000 sqft,Status,Ready to Move,Floor,Ground out of 5,Transaction,Resale,Furnishing,Semi-Furnished,,,,,,,Bathroom,9,,
4 BHK Penthouse for Sale in BTM Layout Bangalore,₹5.50 Cr,SNN Raj Lake View Phase II,15+,₹11000 per sqft,Carpet Area,4200 sqft,Status,Ready to Move,Floor,17 out of 17,Transaction,New Property,Furnishing,Unfurnished,overlooking,"Pool, Garden/Park",Ownership,Freehold,Car Parking,2 Covered,Bathroom,5,Balcony,2
"2 BHK Villa for Sale in KEB Colony New Gurappana Palya, BTM Layout",₹38.4 Lac,,5+,₹8531 per sqft,Carpet Area,350 sqft,Under Construction,Poss. by Feb '25,,,Transaction,Resale,Furnishing,Semi-Furnished,overlooking,"Garden/Park, Main Road",Ownership,Freehold,,,Bathroom,2,Balcony,1
"3 BHK Apartment for Sale in BTM Layout Stage 2, BTM Layout",₹2.05 Cr,,20+,₹10250 per sqft,Carpet Area,1750 sqft,Status,Ready to Move,Floor,5 out of 25,Transaction,Resale,Furnishing,Semi-Furnished,overlooking,Garden/Park,Ownership,Freehold,Car Parking,"1 Covered,",Bathroom,2,Balcony,5
"2 BHK Apartment for Sale in BTM Layout Stage 1, BTM Layout",₹70 Lac,,5+,₹6364 per sqft,Carpet Area,1050 sqft,Status,Ready to Move,Floor,1 out of 4,Transaction,Resale,Furnishing,Semi-Furnished,overlooking,Main Road,Ownership,Freehold,Car Parking,1 Covered,Bathroom,2,Balcony,2
3 BHK Apartment for Sale in BTM Layout Bangalore,₹1.25 Cr,,12+,₹8621 per sqft,Super Area,1450 sqft,Status,Ready to Move,Floor,1 out of 3,Transaction,Resale,Furnishing,Furnished,,,,,,,Bathroom,2,,
2 BHK Apartment for Sale in BTM Layout Bangalore,₹1.26 Cr,SNN Raj Bay Vista,7+,₹10000 per sqft,Carpet Area,805 sqft,Under Construction,Poss. by Dec '26,Floor,6 out of 16,Transaction,Resale,Furnishing,Unfurnished,overlooking,"Garden/Park, Pool, Main Road",Ownership,Freehold,Car Parking,2 Covered,Bathroom,2,Balcony,1
2 BHK Apartment for Sale in BTM Layout Bangalore,₹80 Lac,Alacrity Pride Apartments,6+,₹7299 per sqft,Carpet Area,850 sqft,Status,Ready to Move,Floor,1 out of 3,Transaction,Resale,Furnishing,Unfurnished,,,,,,,Bathroom,2,Balcony,3
4 BHK House for Sale in BTM Layout Bangalore,₹2.50 Cr,,13+,₹10417 per sqft,Super Area,2400 sqft,Status,Ready to Move,Floor,Ground out of 2,Transaction,Resale,Furnishing,Semi-Furnished,,,,,,,Bathroom,5,,
"3 BHK Apartment for Sale in Bismillah Nagar, BTM Layout",₹85 Lac,,7+,₹5720 per sqft,Carpet Area,1330 sqft,Under Construction,Poss. by Aug '24,Floor,6 out of 6,Transaction,New Property,Furnishing,Furnished,overlooking,Main Road,Ownership,Freehold,Car Parking,1 Covered,Bathroom,3,Balcony,2
"Plot/Land for Sale in BTM Layout Stage 2, BTM Layout",₹60 Lac,,N/A,₹5000 per sqft,Plot Area,1200 sqft,,,floors allowed for construction,1,Transaction,Resale,,,,,,,,,,,,
"7 BHK House for Sale in BTM Layout Stage 1, BTM Layout",₹1.50 Cr,,1,₹7895 per sqft,Super Area,1900 sqft,Status,Ready to Move,Floor,Ground out of 3,Transaction,Resale,Furnishing,Semi-Furnished,,,,,,,Bathroom,6,,
2 BHK Villa for Sale in BTM Layout Bangalore,Call for Price,,N/A,N/A,Carpet Area,1200 sqft,Under Construction,Poss. by Jun '25,,,Transaction,Resale,Furnishing,Unfurnished,,,,,,,Bathroom,2,,
"2 BHK Apartment for Sale in BTM Layout Stage 2, BTM Layout",₹1.17 Cr,SNN Raj Bay Vista,6+,₹9474 per sqft,Carpet Area,788 sqft,Under Construction,Poss. by Nov '26,Floor,8 out of 15,Transaction,Resale,Furnishing,Unfurnished,overlooking,Garden/Park,Ownership,Freehold,Car Parking,2 Open,Bathroom,2,Balcony,1
"3 BHK Apartment for Sale in Dollar Layout Stage 2 BTM Layout, BTM Layout",₹3.20 Cr,,11+,₹13061 per sqft,Carpet Area,2535 sqft,Status,Ready to Move,Floor,12 out of 23,Transaction,Resale,Furnishing,Unfurnished,overlooking,Garden/Park,Ownership,Freehold,Car Parking,"1 Covered,",Bathroom,3,Balcony,2
"Plot/Land for Sale in Madivala, BTM Layout",₹52 Lac,,N/A,₹6500 per sqft,Plot Area,800 sqft,,,floors allowed for construction,Congo,Transaction,Resale,,,,,,,,,,,,
"4 BHK Apartment for Sale in Silk Board, BTM Layout",₹4.47 Cr,,9+,₹13848 per sqft,Carpet Area,2700 sqft,Status,Ready to Move,Floor,Upper Basement out of 13,Transaction,New Property,Furnishing,Unfurnished,overlooking,Garden/Park,Ownership,Freehold,Car Parking,2 Covered,Bathroom,4,Balcony,3
"Plot/Land for Sale in KAS Officers Layout, BTM Layout",Call for Price,,N/A,N/A,Plot Area,3787 sqft,,,,,Transaction,Resale,,,,,,,,,,,,
3 BHK Apartment for Sale in BTM Layout Bangalore,₹2.30 Cr,Sobha Magnolia,11+,₹11911 per sqft,Carpet Area,2050 sqft,Status,Ready to Move,Floor,16 out of 19,Transaction,Resale,Furnishing,Semi-Furnished,overlooking,"Garden/Park, Pool",Ownership,Freehold,Car Parking,1 Covered,Bathroom,4,Balcony,2
"5 BHK Builder Floor for Sale in New Gurappana Palya, BTM Layout",₹3.24 Cr,,2+,₹18000 per sqft,Super Area,1800 sqft,Status,Ready to Move,Floor,2 out of 2,Transaction,Resale,Furnishing,Semi-Furnished,,,,,,,Bathroom,10,,
"3 BHK House for Sale in BTM Layout Stage 2, BTM Layout",₹3.20 Cr,,15+,₹17778 per sqft,Super Area,1800 sqft,Status,Ready to Move,Floor,Ground out of 2,Transaction,Resale,Furnishing,Semi-Furnished,,,,,,,Bathroom,3,,
"4 BHK Villa for Sale in BTM Layout Stage 1, BTM Layout",Call for Price,,N/A,N/A,Super Area,800 sqft,Status,Ready to Move,,,Transaction,Resale,Furnishing,Semi-Furnished,,,,,,,Bathroom,5,,
2 BHK Apartment for Sale in BTM Layout Bangalore,₹69 Lac,,9+,₹6273 per sqft,Carpet Area,1000 sqft,Status,Ready to Move,Floor,1 out of 3,Transaction,New Property,Furnishing,Unfurnished,overlooking,"Pool, Main Road",Ownership,Freehold,,,Bathroom,2,Balcony,2
"> 10 BHK House for Sale in BTM Layout Stage 2, BTM Layout",₹3.10 Cr,,7+,₹5254 per sqft,Carpet Area,1200 sqft,Status,Ready to Move,,,Transaction,Resale,Furnishing,Semi-Furnished,,,,,,,Bathroom,> 10,Balcony,> 10
"3 BHK Apartment for Sale in BTM Layout Stage 4, BTM Layout",₹99 Lac,Saikam Park Square,15+,₹6828 per sqft,Carpet Area,1100 sqft,Status,Ready to Move,Floor,Ground out of 5,Transaction,Resale,Furnishing,Semi-Furnished,overlooking,"Pool, Garden/Park",Ownership,Freehold,Car Parking,1 Covered,Bathroom,3,Balcony,2
"> 10 BHK House for Sale in BTM Layout Stage 2, BTM Layout",₹5 Cr,,3+,₹6250 per sqft,Carpet Area,7500 sqft,Status,Ready to Move,Floor,1 out of 5,Transaction,Resale,Furnishing,Semi-Furnished,,,Ownership,Freehold,,,Bathroom,> 10,Balcony,> 10
"3 BHK House for Sale in BTM Layout Stage 2, BTM Layout",₹3.20 Cr,,3+,₹26667 per sqft,Carpet Area,1200 sqft,Status,Ready to Move,Floor,Lower Basement out of 2,Transaction,Resale,Furnishing,Furnished,overlooking,Main Road,Ownership,Freehold,,,Bathroom,2,Balcony,2
"> 10 BHK House for Sale in BTM Layout Stage 4, BTM Layout",₹2.95 Cr,,9+,₹4917 per sqft,Carpet Area,5500 sqft,Status,Ready to Move,Floor,Ground out of 4,Transaction,Resale,Furnishing,Semi-Furnished,overlooking,"Garden/Park, Main Road",Ownership,Freehold,Car Parking,4 Covered,Bathroom,10,Balcony,9
"Plot/Land for Sale in Maruti Nagar, BTM Layout",₹1.50 Cr,,1,₹5172 per sqft,Plot Area,2900 sqft,,,,,Transaction,New Property,,,overlooking,Main Road,Ownership,Freehold,,,,,,
Plot/Land for Sale in BTM Layout Bangalore,₹3.96 Cr,,1,₹15000 per sqft,Plot Area,2640 sqft,,,,,Transaction,Resale,,,,,,,,,,,,
"1 BHK Apartment for Sale in BTM Layout Stage 2, BTM Layout",Call for Price,,N/A,N/A,Carpet Area,7100 sqft,Status,Ready to Move,Floor,1 out of 6,Transaction,Resale,Furnishing,Unfurnished,overlooking,Garden/Park,Ownership,Freehold,,,Bathroom,1,Balcony,1
"8 BHK Builder Floor for Sale in BTM Layout Stage 1, BTM Layout",₹2.40 Cr,,1,₹7273 per sqft,Carpet Area,2475 sqft,Status,Ready to Move,Floor,Ground out of 4,Transaction,New Property,Furnishing,Unfurnished,overlooking,"Garden/Park, Pool, Main Road",Ownership,Freehold,Car Parking,5 Covered,Bathroom,10,Balcony,9
"3 BHK Apartment for Sale in Bismillah Nagar, BTM Layout",₹85 Lac,,8+,₹5790 per sqft,Carpet Area,1321 sqft,Under Construction,Poss. by Dec '24,Floor,6 out of 6,Transaction,New Property,Furnishing,Furnished,overlooking,Main Road,Ownership,Freehold,Car Parking,1 Covered,Bathroom,3,Balcony,2
"4 BHK House for Sale in BTM Layout Stage 1, BTM Layout",₹3.20 Cr,,7+,₹12800 per sqft,Carpet Area,2400 sqft,Status,Ready to Move,,,Transaction,Resale,Furnishing,Semi-Furnished,overlooking,Main Road,Ownership,Freehold,,,Bathroom,4,Balcony,2
"1 BHK House for Sale in NS Palya, BTM Layout",₹1.62 Cr,Shilpa Laksh,2+,N/A,Carpet Area,1080 sqft,Status,Ready to Move,Floor,2 out of 2,Transaction,Resale,Furnishing,Unfurnished,overlooking,Main Road,Ownership,Freehold,,,Bathroom,1,Balcony,1
"2 BHK Apartment for Sale in Silk Board, BTM Layout",₹83 Lac,,N/A,₹7545 per sqft,Super Area,1100 sqft,Status,Ready to Move,Floor,2 out of 4,Transaction,Resale,Furnishing,Unfurnished,,,,,,,Bathroom,2,,
"2 BHK Apartment for Sale in BTM Layout Stage 2, BTM Layout",₹1.26 Cr,SNN Raj Bay Vista,1,₹10000 per sqft,Carpet Area,805 sqft,Under Construction,Poss. by Dec '26,Floor,10 out of 15,Transaction,Resale,Furnishing,Unfurnished,overlooking,"Garden/Park, Pool, Main Road",Ownership,Freehold,Car Parking,2 Covered,Bathroom,2,Balcony,1
3 BHK Apartment for Sale in BTM Layout Bangalore,₹1.03 Cr,,N/A,₹6300 per sqft,Super Area,1650 sqft,Status,Ready to Move,Floor,2 out of 5,Transaction,Resale,Furnishing,Semi-Furnished,,,,,,,Bathroom,3,,
"Plot/Land for Sale in Stage 4th BTM Layout, BTM Layout",₹2.40 Cr,,N/A,₹10000 per sqft,Plot Area,2400 sqft,,,floors allowed for construction,4,Transaction,Resale,,,overlooking,Main Road,Ownership,Freehold,,,,,,
"4 BHK Apartment for Sale in BTM Layout Stage 1, BTM Layout",₹3.99 Cr,Snn Raj Lakeview,2+,₹11271 per sqft,Super Area,3540 sqft,Status,Ready to Move,Floor,2 out of 17,Transaction,Resale,Furnishing,Unfurnished,overlooking,"Garden/Park, Pool",,,,,Bathroom,4,Balcony,4
> 10 BHK House for Sale in BTM Layout Bangalore,₹2.85 Cr,,N/A,₹3931 per sqft,Super Area,7250 sqft,Status,Ready to Move,Floor,Ground out of 5,Transaction,Resale,Furnishing,Unfurnished,,,,,,,Bathroom,> 10,,
"7 BHK House for Sale in BTM Layout Stage 2, BTM Layout",₹3.15 Cr,,2+,₹6702 per sqft,Super Area,4700 sqft,Status,Ready to Move,Floor,Ground out of 4,Transaction,Resale,Furnishing,Semi-Furnished,,,,,,,Bathroom,6,,
"3 BHK Apartment for Sale in Munivenkatppa Layout, BTM Layout",₹2.60 Cr,,11+,₹8778 per sqft,Super Area,2962 sqft,Status,Ready to Move,Floor,3 out of 12,Transaction,Resale,Furnishing,Unfurnished,overlooking,Garden/Park,Ownership,Freehold,,,Bathroom,3,Balcony,3
6 BHK House for Sale in BTM Layout Bangalore,₹2 Cr,,11+,₹9091 per sqft,Super Area,2200 sqft,Status,Ready to Move,Floor,Ground out of 2,Transaction,Resale,Furnishing,Unfurnished,,,,,,,Bathroom,6,,
"4 BHK Apartment for Sale in Silk Board, BTM Layout",₹1.25 Cr,Dreamz Om,10+,₹6944 per sqft,Super Area,1800 sqft,Status,Ready to Move,Floor,3 out of 5,Transaction,Resale,Furnishing,Unfurnished,,,,,,,Bathroom,3,Balcony,2
"10 BHK House for Sale in BTM Layout Stage 2, BTM Layout",₹3.25 Cr,,20+,₹7738 per sqft,Carpet Area,3700 sqft,Status,Ready to Move,Floor,Ground out of 3,Transaction,Resale,Furnishing,Semi-Furnished,overlooking,Main Road,Ownership,Freehold,Car Parking,"2 Covered,",Bathroom,9,Balcony,2
"Plot/Land for Sale in KEB Colony, BTM Layout",Call for Price,,N/A,N/A,Plot Area,1200 sqft,,,,,Transaction,Resale,,,,,Ownership,Freehold,,,,,,
"3 BHK Apartment for Sale in Silk Board, BTM Layout",₹3.80 Cr,,N/A,₹13853 per sqft,Carpet Area,2100 sqft,Status,Ready to Move,Floor,Upper Basement out of 13,Transaction,New Property,Furnishing,Unfurnished,overlooking,Garden/Park,Ownership,Freehold,Car Parking,2 Covered,Bathroom,3,Balcony,3
"10 BHK House for Sale in BTM Layout Stage 2, BTM Layout",₹1.85 Cr,,2+,₹7708 per sqft,Super Area,2400 sqft,Status,Ready to Move,,,Transaction,Resale,Furnishing,Semi-Furnished,,,,,Car Parking,3 Open,Bathroom,10,Balcony,3
9 BHK House for Sale in BTM Layout Bangalore,₹1.30 Cr,,4+,₹4333 per sqft,Super Area,3000 sqft,,,,,Transaction,Resale,Furnishing,Semi-Furnished,,,,,,,Bathroom,9,,
Villa for Sale in BTM Layout Bangalore,₹3.50 Cr,,N/A,₹7000 per sqft,Super Area,5000 sqft,Status,Ready to Move,,,Transaction,Resale,Furnishing,Furnished,,,,,Car Parking,1 Covered,,,,
3 BHK Apartment for Sale in BTM Layout Bangalore,₹1.68 Cr,Royal Residency,3+,₹7149 per sqft,Carpet Area,2000 sqft,Status,Ready to Move,Floor,1 out of 4,Transaction,Resale,Furnishing,Unfurnished,overlooking,Main Road,Ownership,Freehold,,,Bathroom,3,Balcony,2
"3 BHK Apartment for Sale in BTM Layout Stage 4, BTM Layout",₹90 Lac,Srivari Ashraya,20+,₹5806 per sqft,Carpet Area,1550 sqft,Status,Ready to Move,Floor,Ground out of 4,Transaction,Resale,Furnishing,Semi-Furnished,overlooking,"Garden/Park, Main Road",Ownership,Power Of Attorney,Car Parking,1 Covered,Bathroom,3,Balcony,3
"4 BHK House for Sale in BTM Layout Stage 2, BTM Layout",₹3.64 Cr,,1,₹7280 per sqft,Carpet Area,5000 sqft,Status,Ready to Move,,,Transaction,New Property,Furnishing,Furnished,overlooking,"Pool, Garden/Park, Main Road",Ownership,Freehold,Car Parking,1 Covered,Bathroom,4,Balcony,4
"9 BHK House for Sale in Bismillah Nagar, BTM Layout",₹3 Cr,,8+,₹6250 per sqft,Super Area,4800 sqft,Status,Ready to Move,Floor,1 out of 3,Transaction,Resale,Furnishing,Semi-Furnished,,,Ownership,Freehold,,,Bathroom,9,,
"4 BHK House for Sale in Jay Bheema Nagar, BTM Layout",₹1.10 Cr,,N/A,₹4583 per sqft,Super Area,2400 sqft,Status,Ready to Move,,,Transaction,Resale,Furnishing,Unfurnished,,,,,,,Bathroom,4,,
"3 BHK Apartment for Sale in Bismillah Nagar, BTM Layout",₹85 Lac,,7+,₹5790 per sqft,Carpet Area,1321 sqft,Under Construction,Poss. by Dec '24,Floor,4 out of 6,Transaction,New Property,Furnishing,Furnished,overlooking,Main Road,Ownership,Freehold,Car Parking,1 Covered,Bathroom,3,Balcony,2
Plot/Land for Sale in BTM Layout Bangalore,₹4 Cr,,N/A,₹15711 per sqft,Plot Area,2546 sqft,,,floors allowed for construction,3,Transaction,Resale,,,,,Ownership,Freehold,,,,,,
"2 BHK House for Sale in BTM Layout Stage 4, BTM Layout",₹1.50 Cr,,N/A,₹4545 per sqft,Super Area,3300 sqft,Status,Ready to Move,Floor,5 out of 5,Transaction,Resale,Furnishing,Furnished,,,,,,,Bathroom,5,,
"3 BHK Apartment for Sale in Addischetan Layout, BTM Layout",₹67 Lac,,N/A,₹4772 per sqft,Super Area,1404 sqft,Status,Ready to Move,Floor,3 out of 5,Transaction,Resale,Furnishing,Semi-Furnished,,,,,,,Bathroom,3,,
"6 BHK House for Sale in KAS Officers Layout, BTM Layout",₹3.51 Cr,,N/A,₹12764 per sqft,Carpet Area,1200 sqft,,,,,Transaction,Resale,Furnishing,Furnished,,,,,,,Bathroom,4,Balcony,2
"Plot/Land for Sale in BTM Layout Stage 4, BTM Layout",₹2.40 Cr,,N/A,₹10000 per sqft,Plot Area,2400 sqft,,,floors allowed for construction,1,Transaction,Resale,,,,,,,,,,,,
"2 BHK Apartment for Sale in BTM Layout Stage 2, BTM Layout",₹75 Lac,,N/A,₹5597 per sqft,Super Area,1340 sqft,Status,Ready to Move,Floor,2 out of 4,Transaction,Resale,Furnishing,Semi-Furnished,,,,,,,Bathroom,2,,
"3 BHK Apartment for Sale in Bismillah Nagar, BTM Layout",₹85 Lac,,8+,₹5790 per sqft,Carpet Area,1321 sqft,Under Construction,Poss. by Dec '24,Floor,6 out of 6,Transaction,New Property,Furnishing,Furnished,overlooking,Main Road,Ownership,Freehold,Car Parking,1 Covered,Bathroom,3,Balcony,2
"6 BHK House for Sale in Madivala, BTM Layout",₹1.10 Cr,,7+,₹6111 per sqft,Super Area,1800 sqft,Status,Ready to Move,Floor,Ground out of 3,Transaction,Resale,Furnishing,Semi-Furnished,,,,,,,Bathroom,3,,
"3 BHK House for Sale in BTM Layout Stage 1, BTM Layout",₹3.65 Cr,,7+,₹18250 per sqft,Carpet Area,1900 sqft,Status,Ready to Move,Floor,1 out of 1,Transaction,Resale,Furnishing,Semi-Furnished,overlooking,Main Road,,,Car Parking,1 Covered,Bathroom,3,Balcony,1
"3 BHK Apartment for Sale in BTM Layout Stage 2, BTM Layout",₹1.90 Cr,Green City Eutopia,7+,₹12298 per sqft,Carpet Area,1205 sqft,Status,Ready to Move,Floor,1 out of 7,Transaction,New Property,Furnishing,Semi-Furnished,overlooking,"Garden/Park, Main Road",Ownership,Freehold,Car Parking,1 Covered,Bathroom,2,Balcony,2
"2 BHK Apartment for Sale in BTM Layout Stage 4, BTM Layout",₹1.05 Cr,Vintage Elite B Block,3+,N/A,Carpet Area,1394 sqft,Status,Ready to Move,Floor,1 out of 4,Transaction,Resale,Furnishing,Semi-Furnished,,,Ownership,Freehold,Car Parking,1 Covered,Bathroom,2,Balcony,2
"Plot/Land for Sale in BTM Layout Stage 2, BTM Layout",Call for Price,,1,N/A,Plot Area,2400 sqft,,,floors allowed for construction,Congo,Transaction,Resale,,,,,Ownership,Freehold,,,,,,
"3 BHK Apartment for Sale in Silk Board, BTM Layout",₹76.5 Lac,DS Max Serenity Nest,14+,₹5667 per sqft,Carpet Area,1080 sqft,Status,Ready to Move,Floor,1 out of 6,Transaction,Resale,Furnishing,Semi-Furnished,,,Ownership,Freehold,Car Parking,1 Covered,Bathroom,2,Balcony,1
"2 BHK House for Sale in Stage 4th BTM Layout, BTM Layout",₹1.50 Cr,,3+,₹25000 per sqft,Carpet Area,600 sqft,Status,Ready to Move,Floor,3 out of 3,Transaction,New Property,Furnishing,Furnished,,,Ownership,Freehold,,,Bathroom,2,Balcony,1
4 BHK House for Sale in BTM Layout Bangalore,₹1 Cr,,N/A,₹8333 per sqft,Super Area,1200 sqft,Status,Ready to Move,Floor,Ground out of 2,Transaction,Resale,Furnishing,Unfurnished,,,,,,,Bathroom,2,,
"10 BHK Apartment for Sale in BTM Layout Stage 1, BTM Layout",₹10 Cr,Adarsh Homes BTM Layout,N/A,N/A,Carpet Area,11500 sqft,Status,Ready to Move,Floor,5 out of 5,Transaction,Resale,Furnishing,Semi-Furnished,,,,,,,Bathroom,1,,
3 BHK Apartment for Sale in BTM Layout Bangalore,₹3.45 Cr,Cornerstone Akhinta Residences,19+,₹16312 per sqft,Carpet Area,1900 sqft,Under Construction,Poss. by Jun '25,Floor,7 out of 9,Transaction,New Property,Furnishing,Unfurnished,overlooking,Main Road,Ownership,Freehold,Car Parking,1 Covered,Bathroom,3,Balcony,2
"2 BHK House for Sale in BTM Layout Stage 1, BTM Layout",₹1.30 Cr,,9+,₹19697 per sqft,Carpet Area,560 sqft,Status,Ready to Move,Floor,1 out of 3,Transaction,Resale,Furnishing,Semi-Furnished,overlooking,"Garden/Park, Main Road",Ownership,Freehold,,,Bathroom,2,Balcony,1
"3 BHK Apartment for Sale in New Gurappana Palya, BTM Layout",₹1.20 Cr,,17+,₹8889 per sqft,Carpet Area,1100 sqft,Status,Ready to Move,Floor,1 out of 6,Transaction,Resale,Furnishing,Unfurnished,overlooking,Main Road,Ownership,Freehold,,,Bathroom,3,Balcony,3
"2 BHK Apartment for Sale in Stage 4th BTM Layout, BTM Layout",₹65 Lac,Green Orchard,N/A,₹5417 per sqft,Carpet Area,1060 sqft,Status,Ready to Move,Floor,1 out of 4,Transaction,Resale,Furnishing,Furnished,,,,,,,Bathroom,2,Balcony,1
"Plot/Land for Sale in BTM Layout Stage 2, BTM Layout",Call for Price,,1,N/A,Plot Area,1350 sqft,,,floors allowed for construction,3,Transaction,Resale,,,,,Ownership,Freehold,,,,,,
3 BHK Apartment for Sale in BTM Layout Bangalore,₹3.30 Cr,Green City Eutopia,11+,₹12692 per sqft,Carpet Area,2018 sqft,Status,Ready to Move,Floor,Ground out of 8,Transaction,New Property,Furnishing,Semi-Furnished,overlooking,Garden/Park,Ownership,Freehold,Car Parking,1 Covered,Bathroom,3,Balcony,3
"9 BHK House for Sale in BTM Layout Stage 4, BTM Layout",₹1.55 Cr,,N/A,₹25833 per sqft,Super Area,600 sqft,Status,Ready to Move,Floor,Ground out of 5,Transaction,Resale,Furnishing,Semi-Furnished,,,,,,,Bathroom,9,,
"3 BHK Apartment for Sale in Stage 4th BTM Layout, BTM Layout",₹87 Lac,,10+,₹6687 per sqft,Carpet Area,1570 sqft,Status,Ready to Move,Floor,3 out of 5,Transaction,Resale,Furnishing,Furnished,overlooking,Main Road,Ownership,Freehold,,,Bathroom,2,Balcony,1
2 BHK Apartment for Sale in BTM Layout Bangalore,₹50.4 Lac,,12+,₹5305 per sqft,Carpet Area,760 sqft,Status,Ready to Move,Floor,Ground out of 5,Transaction,Resale,Furnishing,Semi-Furnished,,,Ownership,Freehold,Car Parking,1 Covered,Bathroom,2,Balcony,1
3 BHK Builder Floor for Sale in BTM Layout Bangalore,₹1.30 Cr,,N/A,₹7365 per sqft,Super Area,1765 sqft,Status,Ready to Move,Floor,3 out of 5,Transaction,Resale,Furnishing,Semi-Furnished,,,,,,,Bathroom,3,,
"2 BHK House for Sale in NS Palya, BTM Layout",₹1.62 Cr,,12+,₹15500 per sqft,Carpet Area,1000 sqft,Status,Ready to Move,Floor,1 out of 1,Transaction,Resale,Furnishing,Unfurnished,overlooking,Garden/Park,Ownership,Freehold,,,Bathroom,2,,
"3 BHK Apartment for Sale in Bismillah Nagar, BTM Layout",₹85 Lac,,4+,₹7216 per sqft,Carpet Area,1060 sqft,Under Construction,Poss. by Dec '24,Floor,6 out of 6,Transaction,New Property,Furnishing,Furnished,overlooking,Main Road,Ownership,Freehold,Car Parking,1 Covered,Bathroom,3,Balcony,2
2 BHK Apartment for Sale in BTM Layout Bangalore,₹1 Cr,,N/A,₹10000 per sqft,Super Area,1000 sqft,Status,Ready to Move,Floor,1 out of 4,Transaction,Resale,Furnishing,Unfurnished,,,,,,,Bathroom,2,,
"3 BHK House for Sale in BTM Layout Stage 1, BTM Layout",₹1.70 Cr,,1,₹7083 per sqft,Carpet Area,2100 sqft,Status,Ready to Move,Floor,2 out of 2,Transaction,Resale,Furnishing,Semi-Furnished,,,,,,,Bathroom,3,Balcony,2
"3 BHK Apartment for Sale in Bismillah Nagar, BTM Layout",₹85 Lac,,3+,₹5790 per sqft,Carpet Area,1278 sqft,Under Construction,Poss. by Dec '24,Floor,6 out of 6,Transaction,New Property,Furnishing,Unfurnished,overlooking,Main Road,Ownership,Freehold,,,Bathroom,3,Balcony,2
"3 BHK Apartment for Sale in Bismillah Nagar, BTM Layout",₹85 Lac,,7+,₹5986 per sqft,Carpet Area,1278 sqft,Under Construction,Poss. by Dec '24,Floor,6 out of 6,Transaction,New Property,Furnishing,Furnished,overlooking,Main Road,Ownership,Freehold,Car Parking,1 Covered,Bathroom,3,Balcony,2
"5 BHK Apartment for Sale in Tavarekere BTM Layout, BTM Layout",₹5.50 Cr,Snn Raj Lakeview,1,₹10978 per sqft,Carpet Area,4200 sqft,Status,Ready to Move,Floor,17 out of 18,Transaction,New Property,Furnishing,Unfurnished,overlooking,"Garden/Park, Pool",Ownership,Freehold,Car Parking,2 Covered,Bathroom,6,,
3 BHK Apartment for Sale in BTM Layout Bangalore,₹2.15 Cr,Green City Eutopia,12+,₹12286 per sqft,Carpet Area,1365 sqft,Status,Ready to Move,Floor,2 out of 7,Transaction,New Property,Furnishing,Semi-Furnished,overlooking,"Garden/Park, Main Road",Ownership,Freehold,Car Parking,1 Covered,Bathroom,3,Balcony,3
2 BHK Apartment for Sale in BTM Layout Bangalore,₹65 Lac,Sri Sai Comforts,8+,₹5462 per sqft,Carpet Area,990 sqft,Status,Ready to Move,Floor,4 out of 4,Transaction,Resale,Furnishing,Unfurnished,,,Ownership,Freehold,,,Bathroom,2,Balcony,2
"2 BHK Apartment for Sale in BTM Layout Stage 2, BTM Layout",₹1.24 Cr,SNN Raj Bay Vista,4+,₹10040 per sqft,Carpet Area,788 sqft,Under Construction,Poss. by Dec '26,Floor,9 out of 16,Transaction,Resale,Furnishing,Unfurnished,overlooking,"Garden/Park, Main Road",Ownership,Freehold,Car Parking,1 Covered,Bathroom,2,Balcony,1
"4 BHK House for Sale in BTM Layout Stage 1, BTM Layout",₹2.70 Cr,,N/A,₹9000 per sqft,Carpet Area,1200 sqft,Status,Ready to Move,,,Transaction,Resale,Furnishing,Unfurnished,,,Ownership,Freehold,,,Bathroom,4,Balcony,1
"Plot/Land for Sale in Vishweshwaraiah Layout BDA Layout, BTM Layout",₹1.51 Cr,,2+,₹12600 per sqft,Plot Area,1200 sqft,,,floors allowed for construction,1,Transaction,Resale,,,overlooking,Main Road,Ownership,Freehold,,,,,,
"2 BHK House for Sale in Mahadeshwara Nagar, BTM Layout",₹1.95 Cr,,N/A,₹8125 per sqft,Super Area,2400 sqft,Status,Ready to Move,Floor,Ground out of 1,Transaction,Resale,Furnishing,Semi-Furnished,,,,,,,Bathroom,1,,
"Plot/Land for Sale in Vishweshwaraiah Layout BDA Layout, BTM Layout",₹1.47 Cr,,4+,₹9188 per sqft,Plot Area,1600 sqft,,,floors allowed for construction,4,Transaction,New Property,,,overlooking,Garden/Park,Ownership,Freehold,,,,,,
"Plot/Land for Sale in Vishweshwaraiah Layout BDA Layout, BTM Layout",₹3.36 Cr,,4+,₹14000 per sqft,Plot Area,2400 sqft,,,floors allowed for construction,4,Transaction,New Property,,,overlooking,Garden/Park,Ownership,Freehold,,,,,,
"Plot/Land for Sale in Vishweshwaraiah Layout BDA Layout, BTM Layout",₹5.20 Cr,,4+,₹13000 per sqft,Plot Area,4000 sqft,,,floors allowed for construction,5,Transaction,New Property,,,overlooking,Garden/Park,Ownership,Freehold,,,,,,
2 BHK Apartment for Sale in BTM Layout Bangalore,₹65 Lac,Green Orchard,3+,₹6098 per sqft,Super Area,1066 sqft,Status,Ready to Move,Floor,2 out of 4,Transaction,Resale,Furnishing,Semi-Furnished,,,Ownership,Freehold,,,Bathroom,2,Balcony,1
3 BHK Apartment for Sale in BTM Layout Bangalore,₹1.10 Cr,Pariwar Pendant,3+,₹7534 per sqft,Super Area,1460 sqft,Status,Ready to Move,Floor,Ground out of 4,Transaction,Resale,Furnishing,Semi-Furnished,,,,,,,Bathroom,3,Balcony,3
2 BHK Apartment for Sale in BTM Layout Bangalore,₹65 Lac,Aradhana Residency,19+,₹6190 per sqft,Carpet Area,962 sqft,Status,Ready to Move,Floor,1 out of 3,Transaction,Resale,Furnishing,Semi-Furnished,overlooking,"Garden/Park, Main Road",Ownership,Freehold,,,Bathroom,2,Balcony,1
"Plot/Land for Sale in Vishweshwaraiah Layout BDA Layout, BTM Layout",₹1.08 Cr,,1,₹9000 per sqft,Plot Area,1200 sqft,,,floors allowed for construction,Congo,Transaction,Resale,,,,,,,,,,,,
"Plot/Land for Sale in Vishweshwaraiah Layout BDA Layout, BTM Layout",₹1.50 Cr,,2+,₹12500 per sqft,Plot Area,1200 sqft,,,,,Transaction,Resale,,,,,,,,,,,,
"5 BHK House for Sale in Vishweshwaraiah Layout BDA Layout, BTM Layout",₹1.50 Cr,,8+,₹6250 per sqft,Super Area,2400 sqft,Status,Ready to Move,Floor,Ground out of 1,Transaction,Resale,Furnishing,Semi-Furnished,,,,,,,Bathroom,5,,
"8 BHK House for Sale in BTM Layout Stage 1, BTM Layout",₹5.50 Cr,,1,₹11000 per sqft,Carpet Area,1215 sqft,Status,Ready to Move,,,Transaction,Resale,Furnishing,Semi-Furnished,overlooking,"Garden/Park, Main Road",Ownership,Freehold,,,Bathroom,8,Balcony,4
"House for Sale in BTM Layout Stage 2, BTM Layout",₹2.10 Cr,,16+,₹8750 per sqft,Super Area,2400 sqft,Status,Ready to Move,,,Transaction,Resale,Furnishing,Semi-Furnished,,,,,,,Bathroom,10,Balcony,10
2 BHK Apartment for Sale in BTM Layout Bangalore,₹1.26 Cr,SNN Raj Bay Vista,4+,₹10000 per sqft,Carpet Area,805 sqft,Under Construction,Poss. by Dec '25,Floor,8 out of 15,Transaction,Resale,Furnishing,Unfurnished,overlooking,"Garden/Park, Pool, Main Road",Ownership,Freehold,Car Parking,2 Covered,Bathroom,2,Balcony,1
House for Sale in BTM Layout Bangalore,Call for Price,,N/A,N/A,,,,,,,Transaction,Resale,,,,,,,,,,,,
"4 BHK House for Sale in Mico Layout BTM Layout, BTM Layout",₹4 Cr,,1,₹26667 per sqft,Carpet Area,1400 sqft,Status,Ready to Move,Floor,2 out of 2,Transaction,Resale,Furnishing,Semi-Furnished,overlooking,Main Road,Ownership,Freehold,Car Parking,1 Covered,Bathroom,4,,
"3 BHK Apartment for Sale in BTM Layout Stage 1, BTM Layout",₹2.05 Cr,Snn Raj Lakeview,25+,₹11081 per sqft,Super Area,1850 sqft,Status,Ready to Move,Floor,6 out of 13,Transaction,Resale,Furnishing,Semi-Furnished,overlooking,Garden/Park,,,,,Bathroom,3,Balcony,3
"5 BHK House for Sale in BTM Layout Stage 2, BTM Layout",₹75 Lac,,N/A,₹5000 per sqft,Super Area,1500 sqft,Status,Ready to Move,,,Transaction,Resale,Furnishing,Unfurnished,,,,,,,Bathroom,3,Balcony,2
"2 BHK House for Sale in BTM Layout Stage 2, BTM Layout",₹3.25 Cr,,N/A,₹6250 per sqft,Carpet Area,1200 sqft,Status,Ready to Move,,,Transaction,Resale,Furnishing,Semi-Furnished,,,Ownership,Freehold,,,Bathroom,10,Balcony,1
3 BHK Apartment for Sale in BTM Layout Bangalore,₹1.10 Cr,Innovative Meva Lake View Residency,15+,₹7285 per sqft,Super Area,1510 sqft,Status,Ready to Move,Floor,1 out of 6,Transaction,Resale,Furnishing,Semi-Furnished,,,,,,,Bathroom,3,,
"8 BHK House for Sale in BTM Layout Stage 2, BTM Layout",₹2.50 Cr,,1,₹5556 per sqft,Carpet Area,1300 sqft,Status,Ready to Move,,,Transaction,Resale,Furnishing,Semi-Furnished,,,Ownership,Freehold,,,Bathroom,10,Balcony,4
"4 BHK House for Sale in Vishweshwaraiah Layout BDA Layout, BTM Layout",₹1.69 Cr,,20+,₹5633 per sqft,Carpet Area,2800 sqft,Status,Ready to Move,Floor,Ground out of 4,Transaction,Resale,Furnishing,Semi-Furnished,overlooking,"Garden/Park, Main Road",,,Car Parking,"1 Covered,",Bathroom,4,Balcony,1
3 BHK Apartment for Sale in BTM Layout Bangalore,₹3.24 Cr,Cornerstone Akhinta Residences,4+,₹16364 per sqft,Carpet Area,1400 sqft,Under Construction,Poss. by Sep '25,Floor,9 out of 12,Transaction,New Property,Furnishing,Unfurnished,overlooking,"Garden/Park, Main Road",Ownership,Freehold,,,Bathroom,3,Balcony,2
"3 BHK Builder Floor for Sale in BTM Layout Stage 1, BTM Layout",₹1.25 Cr,,N/A,₹5774 per sqft,Super Area,2165 sqft,Status,Ready to Move,Floor,1 out of 5,Transaction,Resale,Furnishing,Furnished,,,,,,,Bathroom,2,Balcony,3
5 BHK Apartment for Sale in BTM Layout Bangalore,₹5.50 Cr,SNN Raj Lake View Phase II,4+,₹11089 per sqft,Carpet Area,3700 sqft,Status,Ready to Move,Floor,17 out of 17,Transaction,Resale,Furnishing,Unfurnished,overlooking,Garden/Park,Ownership,Freehold,,,Bathroom,4,Balcony,2
3 BHK Apartment for Sale in BTM Layout Bangalore,₹1.50 Cr,KV Pristine,16+,₹10000 per sqft,Carpet Area,1500 sqft,Status,Ready to Move,Floor,1 out of 6,Transaction,New Property,Furnishing,Furnished,overlooking,Main Road,Ownership,Freehold,,,Bathroom,2,Balcony,2
2 BHK Apartment for Sale in BTM Layout Bangalore,₹75 Lac,Sri Sai Ram Enclave,5+,₹6944 per sqft,Super Area,1080 sqft,Status,Ready to Move,Floor,3 out of 3,Transaction,Resale,Furnishing,Semi-Furnished,,,Ownership,Freehold,,,Bathroom,2,Balcony,2
"9 BHK House for Sale in Old Gurappanapalya, BTM Layout",₹1.80 Cr,,N/A,₹5921 per sqft,Super Area,3040 sqft,Status,Ready to Move,,,Transaction,Resale,Furnishing,Unfurnished,,,,,,,Bathroom,9,Balcony,3
> 10 BHK House for Sale in BTM Layout Bangalore,₹3 Cr,,N/A,₹5085 per sqft,Super Area,5900 sqft,Status,Ready to Move,,,Transaction,Resale,Furnishing,Semi-Furnished,,,,,,,Bathroom,> 10,,
"Plot/Land for Sale in BTM Layout Stage 1, BTM Layout",Call for Price,,N/A,N/A,Plot Area,2400 sqft,,,floors allowed for construction,4,Transaction,Resale,,,overlooking,Garden/Park,Ownership,Freehold,,,,,,
"6 BHK House for Sale in BTM Layout Stage 1, BTM Layout",₹12 Cr,,3+,₹24000 per sqft,Carpet Area,3700 sqft,Status,Ready to Move,Floor,2 out of 2,Transaction,Resale,Furnishing,Unfurnished,overlooking,Main Road,Ownership,Freehold,,,Bathroom,5,Balcony,2
"Plot/Land for Sale in BTM Layout Stage 4, BTM Layout",₹1.89 Cr,,4+,₹9000 per sqft,Plot Area,2100 sqft,,,floors allowed for construction,4,Transaction,Resale,,,overlooking,Main Road,Ownership,Freehold,,,,,,
8 BHK House for Sale in BTM Layout Bangalore,₹1.10 Cr,,N/A,₹3819 per sqft,Super Area,2880 sqft,Status,Ready to Move,Floor,Ground out of 4,Transaction,Resale,Furnishing,Unfurnished,,,,,,,Bathroom,8,,
"4 BHK Apartment for Sale in BTM Layout Stage 2, BTM Layout",₹5 Cr,Green City Eutopia,9+,₹10417 per sqft,Carpet Area,3744 sqft,Status,Ready to Move,Floor,8 out of 8,Transaction,New Property,Furnishing,Semi-Furnished,overlooking,"Garden/Park, Pool, Main Road",Ownership,Freehold,Car Parking,1 Covered,Bathroom,3,Balcony,3
"Plot/Land for Sale in Vishweshwaraiah Layout BDA Layout, BTM Layout",₹2.10 Cr,,4+,₹8750 per sqft,Plot Area,2400 sqft,,,floors allowed for construction,3,Transaction,New Property,,,overlooking,Garden/Park,Ownership,Freehold,,,,,,
3 BHK Villa for Sale in BTM Layout Bangalore,Call for Price,,N/A,N/A,Super Area,2400 sqft,Status,Ready to Move,,,Transaction,Resale,Furnishing,Unfurnished,,,Ownership,Freehold,,,Bathroom,3,Balcony,1
"Plot/Land for Sale in Old Gurappanapalya, BTM Layout",₹2.60 Cr,,N/A,₹14444 per sqft,Plot Area,1800 sqft,,,,,Transaction,Resale,,,,,,,,,,,,
Plot/Land for Sale in BTM Layout Bangalore,₹3.88 Cr,,N/A,₹25032 per sqft,Plot Area,1550 sqft,,,floors allowed for construction,1,Transaction,Resale,,,,,,,,,,,,
3 BHK Apartment for Sale in BTM Layout Bangalore,₹2.20 Cr,Sanskrithi Perl,N/A,₹6875 per sqft,Carpet Area,3000 sqft,Status,Ready to Move,Floor,3 out of 5,Transaction,Resale,Furnishing,Semi-Furnished,,,,,,,Bathroom,3,Balcony,3
2 BHK Apartment for Sale in BTM Layout Bangalore,₹80 Lac,Paradigm Heights,1,₹6957 per sqft,Super Area,1150 sqft,Status,Ready to Move,Floor,3 out of 5,Transaction,Resale,Furnishing,Semi-Furnished,,,,,,,Bathroom,2,,
"3 BHK Apartment for Sale in BTM Layout Stage 2, BTM Layout",₹2.12 Cr,,N/A,₹12114 per sqft,Carpet Area,1750 sqft,Status,Ready to Move,Floor,5 out of 30,Transaction,Resale,Furnishing,Furnished,,,,,,,Bathroom,3,Balcony,2
"> 10 BHK House for Sale in BTM Layout Stage 2, BTM Layout",₹4.90 Cr,,16+,₹8319 per sqft,Carpet Area,4712 sqft,Status,Ready to Move,Floor,5 out of 5,Transaction,Resale,Furnishing,Semi-Furnished,overlooking,Main Road,Ownership,Freehold,Car Parking,1 Covered,Bathroom,> 10,,
"4 BHK Apartment for Sale in Dollar Scheme Colony, BTM Layout",₹3.50 Cr,Snn Raj Lakeview,4+,₹11864 per sqft,Carpet Area,2500 sqft,Status,Ready to Move,Floor,9 out of 17,Transaction,Resale,Furnishing,Semi-Furnished,overlooking,"Garden/Park, Pool",Ownership,Freehold,Car Parking,1 Covered,Bathroom,4,Balcony,4
"Plot/Land for Sale in Vishweshwaraiah Layout BDA Layout, BTM Layout",₹3.50 Cr,,1,₹8750 per sqft,Plot Area,4000 sqft,,,,,Transaction,Resale,,,,,,,,,,,,
"Plot/Land for Sale in Vishweshwaraiah Layout BDA Layout, BTM Layout",₹1.35 Cr,,N/A,₹11250 per sqft,Plot Area,1200 sqft,,,floors allowed for construction,3,Transaction,New Property,,,,,,,,,,,,
"7 BHK House for Sale in Stage 4th BTM Layout, BTM Layout",₹1.55 Cr,,2+,₹4079 per sqft,Carpet Area,3400 sqft,Status,Ready to Move,Floor,Ground out of 4,Transaction,Resale,Furnishing,Semi-Furnished,overlooking,Main Road,Ownership,Freehold,Car Parking,1 Covered,Bathroom,8,Balcony,3
"Plot/Land for Sale in New Gurappana Palya, BTM Layout",₹2.70 Cr,,2+,₹15000 per sqft,Plot Area,1800 sqft,,,floors allowed for construction,1,Transaction,Resale,,,,,,,,,,,,
Plot/Land for Sale in BTM Layout Bangalore,₹8.20 Cr,,N/A,₹20500 per sqft,Plot Area,4000 sqft,,,floors allowed for construction,4,Transaction,Resale,,,overlooking,"Pool, Garden/Park",Ownership,Freehold,,,,,,
"8 BHK House for Sale in BTM Layout Stage 1, BTM Layout",₹5.50 Cr,,13+,₹8462 per sqft,Super Area,6500 sqft,Status,Ready to Move,Floor,2 out of 5,Transaction,Resale,Furnishing,Furnished,,,,,,,Bathroom,9,,
"Plot/Land for Sale in BTM Layout Stage 2, BTM Layout",₹1.50 Cr,,1,₹12500 per sqft,Plot Area,1200 sqft,,,floors allowed for construction,Congo,Transaction,Resale,,,,,Ownership,Freehold,,,,,,
"4 BHK Apartment for Sale in BTM Layout Stage 1, BTM Layout",₹4.11 Cr,Snn Raj Lakeview,25+,₹11610 per sqft,Super Area,3540 sqft,Status,Ready to Move,Floor,2 out of 17,Transaction,Resale,Furnishing,Semi-Furnished,,,,,,,Bathroom,4,Balcony,4
"3 BHK Apartment for Sale in Silk Board, BTM Layout",₹1.70 Cr,,17+,₹11732 per sqft,Carpet Area,1150 sqft,Status,Ready to Move,Floor,1 out of 7,Transaction,Resale,Furnishing,Semi-Furnished,overlooking,Main Road,Ownership,Freehold,,,Bathroom,2,Balcony,3
"Plot/Land for Sale in BTM Layout Stage 4, BTM Layout",₹1.80 Cr,,1,₹15000 per sqft,Plot Area,1200 sqft,,,,,Transaction,Resale,,,,,Ownership,Freehold,,,,,,
2 BHK Apartment for Sale in BTM Layout Bangalore,₹47 Lac,Vandana Coral,13+,₹5602 per sqft,Carpet Area,755 sqft,Status,Ready to Move,Floor,2 out of 4,Transaction,Resale,Furnishing,Semi-Furnished,overlooking,"Garden/Park, Main Road",Ownership,Freehold,,,Bathroom,2,Balcony,2
6 BHK House for Sale in BTM Layout Bangalore,₹1.48 Cr,,11+,₹6167 per sqft,Carpet Area,2000 sqft,Status,Ready to Move,Floor,Ground out of 4,Transaction,Resale,Furnishing,Unfurnished,overlooking,"Garden/Park, Main Road",Ownership,Freehold,,,Bathroom,6,Balcony,1
"2 BHK Apartment for Sale in BTM Layout Stage 1, BTM Layout",₹1 Cr,Aedifice Grandeur,16+,₹8333 per sqft,Carpet Area,1000 sqft,Status,Ready to Move,Floor,2 out of 4,Transaction,New Property,Furnishing,Unfurnished,overlooking,Main Road,Ownership,Freehold,,,Bathroom,2,Balcony,2
"Plot/Land for Sale in BTM Layout Stage 2, BTM Layout",Call for Price,,1,N/A,Plot Area,4000 sqft,,,floors allowed for construction,Congo,Transaction,Resale,,,overlooking,Main Road,Ownership,Freehold,,,,,,
"3 BHK Apartment for Sale in Dollar Layout Stage 2 BTM Layout, BTM Layout",₹2.27 Cr,Mantri Elite,13+,₹11465 per sqft,Carpet Area,1540 sqft,Status,Ready to Move,Floor,2 out of 12,Transaction,Resale,Furnishing,Semi-Furnished,overlooking,"Garden/Park, Pool, Main Road",Ownership,Freehold,Car Parking,1 Covered,Bathroom,3,Balcony,3
3 BHK Apartment for Sale in BTM Layout Bangalore,₹3.19 Cr,Cornerstone Akhinta Residences,10+,₹16111 per sqft,Super Area,1980 sqft,Under Construction,Poss. by Mar '25,Floor,8 out of 9,Transaction,New Property,Furnishing,Unfurnished,overlooking,"Garden/Park, Main Road",Ownership,Freehold,Car Parking,2 Covered,Bathroom,3,Balcony,2
4 BHK Apartment for Sale in BTM Layout Bangalore,₹3.79 Cr,Cornerstone Akhinta Residences,10+,₹16135 per sqft,Super Area,2349 sqft,Under Construction,Poss. by Mar '25,Floor,5 out of 9,Transaction,New Property,Furnishing,Unfurnished,overlooking,"Garden/Park, Main Road",Ownership,Freehold,Car Parking,2 Covered,Bathroom,4,Balcony,3
"4 BHK Apartment for Sale in Silk Board, BTM Layout",₹4.25 Cr,Hamilton Towers,12+,₹12981 per sqft,Super Area,3274 sqft,Status,Ready to Move,Floor,9 out of 13,Transaction,New Property,Furnishing,Unfurnished,overlooking,"Garden/Park, Pool",Ownership,Freehold,Car Parking,2 Covered,Bathroom,5,Balcony,3
"4 BHK Apartment for Sale in Silk Board, BTM Layout",₹4.21 Cr,Hamilton Towers,14+,₹13042 per sqft,Super Area,3228 sqft,Status,Ready to Move,Floor,10 out of 13,Transaction,New Property,Furnishing,Unfurnished,overlooking,"Garden/Park, Pool",Ownership,Freehold,Car Parking,2 Covered,Bathroom,5,Balcony,3
"3 BHK Apartment for Sale in Silk Board, BTM Layout",₹3.69 Cr,Hamilton Towers,13+,₹12773 per sqft,Super Area,2889 sqft,Status,Ready to Move,Floor,9 out of 13,Transaction,New Property,Furnishing,Unfurnished,overlooking,"Garden/Park, Pool",Ownership,Freehold,Car Parking,2 Covered,Bathroom,4,Balcony,3
"3 BHK Apartment for Sale in Silk Board, BTM Layout",₹3.67 Cr,Hamilton Towers,13+,₹13056 per sqft,Super Area,2811 sqft,Status,Ready to Move,Floor,11 out of 13,Transaction,New Property,Furnishing,Unfurnished,overlooking,"Garden/Park, Pool",Ownership,Freehold,Car Parking,2 Covered,Bathroom,4,Balcony,3
"> 10 BHK House for Sale in Stage 4th BTM Layout, BTM Layout",₹2.95 Cr,,4+,₹4214 per sqft,Carpet Area,6000 sqft,Status,Ready to Move,Floor,2 out of 4,Transaction,Resale,Furnishing,Semi-Furnished,overlooking,Main Road,Ownership,Freehold,Car Parking,6 Covered,Bathroom,10,Balcony,8
"> 10 BHK House for Sale in Stage 4th BTM Layout, BTM Layout",₹2.94 Cr,,9+,₹4200 per sqft,Super Area,7000 sqft,Status,Ready to Move,Floor,3 out of 3,Transaction,Resale,Furnishing,Semi-Furnished,overlooking,Main Road,Ownership,Freehold,Car Parking,4 Covered,Bathroom,> 10,Balcony,> 10
"4 BHK Apartment for Sale in BTM Layout Stage 2, BTM Layout",₹4.32 Cr,Cornerstone Akhinta Residences,19+,₹18391 per sqft,Carpet Area,1586 sqft,Under Construction,Poss. by May '26,Floor,6 out of 12,Transaction,New Property,Furnishing,Unfurnished,overlooking,"Garden/Park, Main Road",Ownership,Freehold,Car Parking,2 Covered,Bathroom,4,Balcony,2
"Plot/Land for Sale in Vishweshwaraiah Layout BDA Layout, BTM Layout",Call for Price,,N/A,N/A,Plot Area,1200 sqft,,,floors allowed for construction,3,Transaction,Resale,,,overlooking,Main Road,Ownership,Freehold,,,,,,
"Plot/Land for Sale in Vishweshwaraiah Layout BDA Layout, BTM Layout",₹2.52 Cr,,2+,₹10500 per sqft,Plot Area,2400 sqft,,,floors allowed for construction,3,Transaction,New Property,,,overlooking,Main Road,Ownership,Freehold,,,,,,
4 BHK Apartment for Sale in BTM Layout Bangalore,₹4.20 Cr,Cornerstone Akhinta Residences,15+,₹17880 per sqft,Carpet Area,1500 sqft,Status,Ready to Move,Floor,6 out of 9,Transaction,New Property,Furnishing,Unfurnished,overlooking,"Garden/Park, Pool, Main Road",Ownership,Freehold,Car Parking,1 Covered,Bathroom,5,Balcony,2
3 BHK Apartment for Sale in BTM Layout Bangalore,₹3.24 Cr,Cornerstone Akhinta Residences,19+,₹16364 per sqft,Carpet Area,1400 sqft,Under Construction,Poss. by Sep '25,Floor,9 out of 12,Transaction,New Property,Furnishing,Unfurnished,overlooking,"Garden/Park, Main Road",Ownership,Freehold,,,Bathroom,3,Balcony,2
"2 BHK Apartment for Sale in BTM Layout Stage 2, BTM Layout",₹65 Lac,,N/A,₹5417 per sqft,Super Area,1200 sqft,Status,Ready to Move,Floor,3 out of 4,Transaction,Resale,Furnishing,Semi-Furnished,,,,,,,Bathroom,2,,
"Plot/Land for Sale in NS Palya, BTM Layout",₹2.25 Cr,,4+,₹15000 per sqft,Plot Area,1500 sqft,,,floors allowed for construction,3,Transaction,Resale,,,,,,,,,,,,
"2 BHK Apartment for Sale in BTM Layout Stage 2, BTM Layout",₹1.10 Cr,,1,₹10000 per sqft,Super Area,1100 sqft,Status,Ready to Move,Floor,1 out of 5,Transaction,Resale,Furnishing,Unfurnished,,,,,,,Bathroom,2,,
"2 BHK Apartment for Sale in New Gurappana Palya, BTM Layout",₹1.20 Cr,,N/A,₹12500 per sqft,Super Area,960 sqft,Status,Ready to Move,Floor,2 out of 2,Transaction,Resale,Furnishing,Semi-Furnished,,,,,,,Bathroom,1,,
"Plot/Land for Sale in BTM Layout Stage 4, BTM Layout",₹85 Lac,,3+,₹8500 per sqft,Plot Area,1000 sqft,,,floors allowed for construction,Congo,Transaction,Resale,,,overlooking,Main Road,Ownership,Freehold,,,,,,
"3 BHK Apartment for Sale in BTM Layout Stage 2, BTM Layout",₹92 Lac,,N/A,₹9485 per sqft,Super Area,970 sqft,Status,Ready to Move,Floor,5 out of 5,Transaction,Resale,Furnishing,Semi-Furnished,,,,,,,Bathroom,3,,
"2 BHK Apartment for Sale in BTM Layout Stage 2, BTM Layout",₹1.24 Cr,SNN Raj Bay Vista,2+,₹10040 per sqft,Carpet Area,788 sqft,Under Construction,Poss. by Dec '26,Floor,7 out of 16,Transaction,Resale,Furnishing,Unfurnished,overlooking,"Garden/Park, Pool, Main Road",Ownership,Freehold,Car Parking,2 Covered,Bathroom,2,Balcony,1
"Plot/Land for Sale in Stage 3rd BTM Layout, BTM Layout",₹1.90 Cr,,N/A,₹9500 per sqft,Plot Area,2000 sqft,,,floors allowed for construction,1,Transaction,Resale,,,,,,,,,,,,
"9 BHK House for Sale in BTM Layout Stage 2, BTM Layout",₹4.15 Cr,,20+,₹9881 per sqft,Carpet Area,3700 sqft,Status,Ready to Move,Floor,Ground out of 4,Transaction,Resale,Furnishing,Furnished,,,Ownership,Freehold,Car Parking,5 Covered,Bathroom,8,Balcony,8
"4 BHK House for Sale in Vishweshwaraiah Layout BDA Layout, BTM Layout",₹2.40 Cr,,4+,N/A,Carpet Area,3500 sqft,Status,Ready to Move,Floor,Upper Basement out of 3,Transaction,Resale,Furnishing,Furnished,overlooking,Garden/Park,Ownership,Freehold,,,Bathroom,4,Balcony,3
"Plot/Land for Sale in BTM Layout Stage 2, BTM Layout",Call for Price,,N/A,N/A,Plot Area,1200 sqft,,,floors allowed for construction,4,Transaction,Resale,,,overlooking,Main Road,Ownership,Freehold,,,,,,
"Plot/Land for Sale in Maruti Nagar, BTM Layout",Call for Price,Ramaiah Garden,2+,N/A,Plot Area,5500 sqft,,,floors allowed for construction,6,Transaction,Resale,,,overlooking,Garden/Park,Ownership,Freehold,,,,,,
3 BHK Apartment for Sale in BTM Layout Bangalore,₹1.50 Cr,DLF Westend Heights,1,₹10638 per sqft,Super Area,1410 sqft,Status,Ready to Move,Floor,3 out of 3,Transaction,Resale,Furnishing,Semi-Furnished,overlooking,Garden/Park,Ownership,Freehold,,,Bathroom,3,Balcony,3
4 BHK Apartment for Sale in BTM Layout Bangalore,₹3.60 Cr,SNN Raj Lake View Phase II,1,₹10909 per sqft,Super Area,3300 sqft,Status,Ready to Move,Floor,5 out of 18,Transaction,Resale,Furnishing,Semi-Furnished,overlooking,Main Road,Ownership,Freehold,Car Parking,2 Covered,Bathroom,4,Balcony,2
"2 BHK House for Sale in BTM Layout Stage 2, BTM Layout",₹2.25 Cr,,6+,₹18750 per sqft,Carpet Area,1200 sqft,Status,Ready to Move,,,Transaction,Resale,Furnishing,Semi-Furnished,overlooking,"Pool, Garden/Park, Main Road",Ownership,Freehold,Car Parking,1 Covered,Bathroom,2,Balcony,2
